 Image rc-node Building 
 Image rc-node Building 
 Image rc-node Building 
 Image rc-node Built 
 Image rc-node Built 
 Image rc-node Built 
 Image asr-cliente Building 
 Image asr-pasarela Building 
 Image asr-servidor Building 
 Image asr-cliente Built 
 Image asr-pasarela Built 
 Image asr-servidor Built 
 Network stress0000-rc_red-wan Creating 
 Network stress0000-rc_red-wan Created 
 Network stress0000-rc_red-lan Creating 
 Network stress0000-rc_red-lan Created 
 Container stress0000-rc-servidor-1 Creating 
 Container stress0000-rc-router-1 Creating 
 Container stress0000-rc-cliente-1 Creating 
 Container stress0000-rc-servidor-1 Created 
 Container stress0000-rc-cliente-1 Created 
 Container stress0000-rc-router-1 Created 
 Container stress0000-rc-router-1 Starting 
 Container stress0000-rc-cliente-1 Starting 
 Container stress0000-rc-servidor-1 Starting 
 Container stress0000-rc-servidor-1 Started 
 Container stress0000-rc-cliente-1 Started 
 Container stress0000-rc-router-1 Started 
 Image stress0001-asr-servidor Building 
 Image stress0001-asr-cliente Building 
 Image stress0001-asr-pasarela Building 
 Image stress0001-asr-pasarela Built 
 Image stress0001-asr-servidor Built 
 Image stress0001-asr-cliente Built 
 Network stress0001-asr_red-externa Creating 
 Network stress0001-asr_red-externa Created 
 Network stress0001-asr_red-interna Creating 
 Network stress0001-asr_red-interna Created 
 Container stress0001-asr-cliente-1 Creating 
 Container stress0001-asr-servidor-1 Creating 
 Container stress0001-asr-pasarela-1 Creating 
 Container stress0001-asr-servidor-1 Created 
 Container stress0001-asr-pasarela-1 Created 
 Container stress0001-asr-cliente-1 Created 
 Container stress0001-asr-pasarela-1 Starting 
 Container stress0001-asr-servidor-1 Starting 
 Container stress0001-asr-cliente-1 Starting 
 Container stress0001-asr-cliente-1 Started 
 Container stress0001-asr-servidor-1 Started 
 Container stress0001-asr-pasarela-1 Started 
 Network stress0002-rc_red-wan Creating 
 Network stress0002-rc_red-wan Created 
 Network stress0002-rc_red-lan Creating 
 Network stress0002-rc_red-lan Created 
 Container stress0002-rc-router-1 Creating 
 Container stress0002-rc-servidor-1 Creating 
 Container stress0002-rc-cliente-1 Creating 
 Container stress0002-rc-router-1 Created 
 Container stress0002-rc-cliente-1 Created 
 Container stress0002-rc-servidor-1 Created 
 Container stress0002-rc-router-1 Starting 
 Container stress0002-rc-servidor-1 Starting 
 Container stress0002-rc-cliente-1 Starting 
 Container stress0002-rc-cliente-1 Started 
 Container stress0002-rc-servidor-1 Started 
 Container stress0002-rc-router-1 Started 
 Image stress0003-asr-cliente Building 
 Image stress0003-asr-pasarela Building 
 Image stress0003-asr-servidor Building 
 Image stress0003-asr-pasarela Built 
 Image stress0003-asr-servidor Built 
 Image stress0003-asr-cliente Built 
 Network stress0003-asr_red-interna Creating 
 Network stress0003-asr_red-interna Created 
 Network stress0003-asr_red-externa Creating 
 Network stress0003-asr_red-externa Created 
 Container stress0003-asr-cliente-1 Creating 
 Container stress0003-asr-servidor-1 Creating 
 Container stress0003-asr-pasarela-1 Creating 
 Container stress0003-asr-pasarela-1 Created 
 Container stress0003-asr-cliente-1 Created 
 Container stress0003-asr-servidor-1 Created 
 Container stress0003-asr-cliente-1 Starting 
 Container stress0003-asr-servidor-1 Starting 
 Container stress0003-asr-pasarela-1 Starting 
 Container stress0003-asr-servidor-1 Started 
 Container stress0003-asr-cliente-1 Started 
 Container stress0003-asr-pasarela-1 Started 
 Network stress0004-rc_red-lan Creating 
 Network stress0004-rc_red-lan Created 
 Network stress0004-rc_red-wan Creating 
 Network stress0004-rc_red-wan Created 
 Container stress0004-rc-cliente-1 Creating 
 Container stress0004-rc-servidor-1 Creating 
 Container stress0004-rc-router-1 Creating 
 Container stress0004-rc-cliente-1 Created 
 Container stress0004-rc-servidor-1 Created 
 Container stress0004-rc-router-1 Created 
 Container stress0004-rc-cliente-1 Starting 
 Container stress0004-rc-router-1 Starting 
 Container stress0004-rc-servidor-1 Starting 
 Container stress0004-rc-servidor-1 Started 
 Container stress0004-rc-cliente-1 Started 
 Container stress0004-rc-router-1 Started 
 Image stress0005-asr-servidor Building 
 Image stress0005-asr-cliente Building 
 Image stress0005-asr-pasarela Building 
 Image stress0005-asr-cliente Built 
 Image stress0005-asr-pasarela Built 
 Image stress0005-asr-servidor Built 
 Network stress0005-asr_red-externa Creating 
 Network stress0005-asr_red-externa Created 
 Network stress0005-asr_red-interna Creating 
 Network stress0005-asr_red-interna Created 
 Container stress0005-asr-pasarela-1 Creating 
 Container stress0005-asr-cliente-1 Creating 
 Container stress0005-asr-servidor-1 Creating 
 Container stress0005-asr-cliente-1 Created 
 Container stress0005-asr-pasarela-1 Created 
 Container stress0005-asr-servidor-1 Created 
 Container stress0005-asr-servidor-1 Starting 
 Container stress0005-asr-cliente-1 Starting 
 Container stress0005-asr-pasarela-1 Starting 
 Container stress0005-asr-cliente-1 Started 
 Container stress0005-asr-servidor-1 Started 
 Container stress0005-asr-pasarela-1 Started 
 Network stress0006-rc_red-wan Creating 
 Network stress0006-rc_red-wan Created 
 Network stress0006-rc_red-lan Creating 
 Network stress0006-rc_red-lan Created 
 Container stress0006-rc-servidor-1 Creating 
 Container stress0006-rc-cliente-1 Creating 
 Container stress0006-rc-router-1 Creating 
 Container stress0006-rc-router-1 Created 
 Container stress0006-rc-servidor-1 Created 
 Container stress0006-rc-cliente-1 Created 
 Container stress0006-rc-router-1 Starting 
 Container stress0006-rc-servidor-1 Starting 
 Container stress0006-rc-cliente-1 Starting 
 Container stress0006-rc-cliente-1 Started 
 Container stress0006-rc-servidor-1 Started 
 Container stress0006-rc-router-1 Started 
 Image stress0007-asr-servidor Building 
 Image stress0007-asr-cliente Building 
 Image stress0007-asr-pasarela Building 
 Image stress0007-asr-servidor Built 
 Image stress0007-asr-cliente Built 
 Image stress0007-asr-pasarela Built 
 Network stress0007-asr_red-interna Creating 
 Network stress0007-asr_red-interna Created 
 Network stress0007-asr_red-externa Creating 
 Network stress0007-asr_red-externa Created 
 Container stress0007-asr-pasarela-1 Creating 
 Container stress0007-asr-servidor-1 Creating 
 Container stress0007-asr-cliente-1 Creating 
 Container stress0007-asr-pasarela-1 Created 
 Container stress0007-asr-servidor-1 Created 
 Container stress0007-asr-cliente-1 Created 
 Container stress0007-asr-pasarela-1 Starting 
 Container stress0007-asr-servidor-1 Starting 
 Container stress0007-asr-cliente-1 Starting 
 Container stress0007-asr-cliente-1 Started 
 Container stress0007-asr-servidor-1 Started 
 Container stress0007-asr-pasarela-1 Started 
 Network stress0008-rc_red-lan Creating 
 Network stress0008-rc_red-lan Created 
 Network stress0008-rc_red-wan Creating 
 Network stress0008-rc_red-wan Created 
 Container stress0008-rc-cliente-1 Creating 
 Container stress0008-rc-router-1 Creating 
 Container stress0008-rc-servidor-1 Creating 
 Container stress0008-rc-cliente-1 Created 
 Container stress0008-rc-router-1 Created 
 Container stress0008-rc-servidor-1 Created 
 Container stress0008-rc-router-1 Starting 
 Container stress0008-rc-servidor-1 Starting 
 Container stress0008-rc-cliente-1 Starting 
 Container stress0008-rc-cliente-1 Started 
 Container stress0008-rc-servidor-1 Started 
 Container stress0008-rc-router-1 Started 
 Image stress0009-asr-servidor Building 
 Image stress0009-asr-cliente Building 
 Image stress0009-asr-pasarela Building 
 Image stress0009-asr-cliente Built 
 Image stress0009-asr-pasarela Built 
 Image stress0009-asr-servidor Built 
 Network stress0009-asr_red-interna Creating 
 Network stress0009-asr_red-interna Created 
 Network stress0009-asr_red-externa Creating 
 Network stress0009-asr_red-externa Created 
 Container stress0009-asr-servidor-1 Creating 
 Container stress0009-asr-cliente-1 Creating 
 Container stress0009-asr-pasarela-1 Creating 
 Container stress0009-asr-pasarela-1 Created 
 Container stress0009-asr-cliente-1 Created 
 Container stress0009-asr-servidor-1 Created 
 Container stress0009-asr-cliente-1 Starting 
 Container stress0009-asr-pasarela-1 Starting 
 Container stress0009-asr-servidor-1 Starting 
 Container stress0009-asr-servidor-1 Started 
 Container stress0009-asr-cliente-1 Started 
 Container stress0009-asr-pasarela-1 Started 
 Network stress0010-rc_red-wan Creating 
 Network stress0010-rc_red-wan Created 
 Network stress0010-rc_red-lan Creating 
 Network stress0010-rc_red-lan Created 
 Container stress0010-rc-router-1 Creating 
 Container stress0010-rc-servidor-1 Creating 
 Container stress0010-rc-cliente-1 Creating 
 Container stress0010-rc-router-1 Created 
 Container stress0010-rc-servidor-1 Created 
 Container stress0010-rc-cliente-1 Created 
 Container stress0010-rc-servidor-1 Starting 
 Container stress0010-rc-cliente-1 Starting 
 Container stress0010-rc-router-1 Starting 
 Container stress0010-rc-cliente-1 Started 
 Container stress0010-rc-servidor-1 Started 
 Container stress0010-rc-router-1 Started 
 Image stress0011-asr-pasarela Building 
 Image stress0011-asr-servidor Building 
 Image stress0011-asr-cliente Building 
 Image stress0011-asr-cliente Built 
 Image stress0011-asr-pasarela Built 
 Image stress0011-asr-servidor Built 
 Network stress0011-asr_red-interna Creating 
 Network stress0011-asr_red-interna Created 
 Network stress0011-asr_red-externa Creating 
 Network stress0011-asr_red-externa Created 
 Container stress0011-asr-servidor-1 Creating 
 Container stress0011-asr-pasarela-1 Creating 
 Container stress0011-asr-cliente-1 Creating 
 Container stress0011-asr-pasarela-1 Created 
 Container stress0011-asr-cliente-1 Created 
 Container stress0011-asr-servidor-1 Created 
 Container stress0011-asr-pasarela-1 Starting 
 Container stress0011-asr-servidor-1 Starting 
 Container stress0011-asr-cliente-1 Starting 
 Container stress0011-asr-cliente-1 Started 
 Container stress0011-asr-servidor-1 Started 
 Container stress0011-asr-pasarela-1 Started 
 Network stress0012-rc_red-lan Creating 
 Network stress0012-rc_red-lan Created 
 Network stress0012-rc_red-wan Creating 
 Network stress0012-rc_red-wan Created 
 Container stress0012-rc-cliente-1 Creating 
 Container stress0012-rc-servidor-1 Creating 
 Container stress0012-rc-router-1 Creating 
 Container stress0012-rc-cliente-1 Created 
 Container stress0012-rc-router-1 Created 
 Container stress0012-rc-servidor-1 Created 
 Container stress0012-rc-cliente-1 Starting 
 Container stress0012-rc-router-1 Starting 
 Container stress0012-rc-servidor-1 Starting 
 Container stress0012-rc-cliente-1 Started 
 Container stress0012-rc-servidor-1 Started 
 Container stress0012-rc-router-1 Started 
 Image stress0013-asr-pasarela Building 
 Image stress0013-asr-servidor Building 
 Image stress0013-asr-cliente Building 
 Image stress0013-asr-cliente Built 
 Image stress0013-asr-pasarela Built 
 Image stress0013-asr-servidor Built 
 Network stress0013-asr_red-interna Creating 
 Network stress0013-asr_red-interna Created 
 Network stress0013-asr_red-externa Creating 
 Network stress0013-asr_red-externa Created 
 Container stress0013-asr-pasarela-1 Creating 
 Container stress0013-asr-cliente-1 Creating 
 Container stress0013-asr-servidor-1 Creating 
 Container stress0013-asr-pasarela-1 Created 
 Container stress0013-asr-cliente-1 Created 
 Container stress0013-asr-servidor-1 Created 
 Container stress0013-asr-pasarela-1 Starting 
 Container stress0013-asr-servidor-1 Starting 
 Container stress0013-asr-cliente-1 Starting 
 Container stress0013-asr-servidor-1 Started 
 Container stress0013-asr-cliente-1 Started 
 Container stress0013-asr-pasarela-1 Started 
 Network stress0014-rc_red-wan Creating 
 Network stress0014-rc_red-wan Created 
 Network stress0014-rc_red-lan Creating 
 Network stress0014-rc_red-lan Created 
 Container stress0014-rc-cliente-1 Creating 
 Container stress0014-rc-router-1 Creating 
 Container stress0014-rc-servidor-1 Creating 
 Container stress0014-rc-cliente-1 Created 
 Container stress0014-rc-servidor-1 Created 
 Container stress0014-rc-router-1 Created 
 Container stress0014-rc-router-1 Starting 
 Container stress0014-rc-servidor-1 Starting 
 Container stress0014-rc-cliente-1 Starting 
 Container stress0014-rc-servidor-1 Started 
 Container stress0014-rc-cliente-1 Started 
 Container stress0014-rc-router-1 Started 
 Image stress0015-asr-servidor Building 
 Image stress0015-asr-cliente Building 
 Image stress0015-asr-pasarela Building 
 Image stress0015-asr-pasarela Built 
 Image stress0015-asr-servidor Built 
 Image stress0015-asr-cliente Built 
 Network stress0015-asr_red-interna Creating 
 Network stress0015-asr_red-interna Created 
 Network stress0015-asr_red-externa Creating 
 Network stress0015-asr_red-externa Created 
 Container stress0015-asr-pasarela-1 Creating 
 Container stress0015-asr-servidor-1 Creating 
 Container stress0015-asr-cliente-1 Creating 
 Container stress0015-asr-pasarela-1 Created 
 Container stress0015-asr-servidor-1 Created 
 Container stress0015-asr-cliente-1 Created 
 Container stress0015-asr-pasarela-1 Starting 
 Container stress0015-asr-servidor-1 Starting 
 Container stress0015-asr-cliente-1 Starting 
 Container stress0015-asr-cliente-1 Started 
 Container stress0015-asr-servidor-1 Started 
 Container stress0015-asr-pasarela-1 Started 
 Network stress0016-rc_red-wan Creating 
 Network stress0016-rc_red-wan Created 
 Network stress0016-rc_red-lan Creating 
 Network stress0016-rc_red-lan Created 
 Container stress0016-rc-servidor-1 Creating 
 Container stress0016-rc-cliente-1 Creating 
 Container stress0016-rc-router-1 Creating 
 Container stress0016-rc-cliente-1 Created 
 Container stress0016-rc-servidor-1 Created 
 Container stress0016-rc-router-1 Created 
 Container stress0016-rc-servidor-1 Starting 
 Container stress0016-rc-cliente-1 Starting 
 Container stress0016-rc-router-1 Starting 
 Container stress0016-rc-servidor-1 Started 
 Container stress0016-rc-cliente-1 Started 
 Container stress0016-rc-router-1 Started 
 Image stress0017-asr-servidor Building 
 Image stress0017-asr-cliente Building 
 Image stress0017-asr-pasarela Building 
 Image stress0017-asr-cliente Built 
 Image stress0017-asr-pasarela Built 
 Image stress0017-asr-servidor Built 
 Network stress0017-asr_red-externa Creating 
 Network stress0017-asr_red-externa Created 
 Network stress0017-asr_red-interna Creating 
 Network stress0017-asr_red-interna Created 
 Container stress0017-asr-cliente-1 Creating 
 Container stress0017-asr-pasarela-1 Creating 
 Container stress0017-asr-servidor-1 Creating 
 Container stress0017-asr-pasarela-1 Created 
 Container stress0017-asr-cliente-1 Created 
 Container stress0017-asr-servidor-1 Created 
 Container stress0017-asr-cliente-1 Starting 
 Container stress0017-asr-pasarela-1 Starting 
 Container stress0017-asr-servidor-1 Starting 
 Container stress0017-asr-cliente-1 Started 
 Container stress0017-asr-servidor-1 Started 
 Container stress0017-asr-pasarela-1 Started 
 Network stress0018-rc_red-wan Creating 
 Network stress0018-rc_red-wan Created 
 Network stress0018-rc_red-lan Creating 
 Network stress0018-rc_red-lan Created 
 Container stress0018-rc-servidor-1 Creating 
 Container stress0018-rc-router-1 Creating 
 Container stress0018-rc-cliente-1 Creating 
 Container stress0018-rc-cliente-1 Created 
 Container stress0018-rc-servidor-1 Created 
 Container stress0018-rc-router-1 Created 
 Container stress0018-rc-servidor-1 Starting 
 Container stress0018-rc-router-1 Starting 
 Container stress0018-rc-cliente-1 Starting 
 Container stress0018-rc-cliente-1 Started 
 Container stress0018-rc-servidor-1 Started 
 Container stress0018-rc-router-1 Started 
 Image stress0019-asr-servidor Building 
 Image stress0019-asr-cliente Building 
 Image stress0019-asr-pasarela Building 
 Image stress0019-asr-cliente Built 
 Image stress0019-asr-pasarela Built 
 Image stress0019-asr-servidor Built 
 Network stress0019-asr_red-externa Creating 
 Network stress0019-asr_red-externa Created 
 Network stress0019-asr_red-interna Creating 
 Network stress0019-asr_red-interna Created 
 Container stress0019-asr-servidor-1 Creating 
 Container stress0019-asr-cliente-1 Creating 
 Container stress0019-asr-pasarela-1 Creating 
 Container stress0019-asr-servidor-1 Created 
 Container stress0019-asr-cliente-1 Created 
 Container stress0019-asr-pasarela-1 Created 
 Container stress0019-asr-pasarela-1 Starting 
 Container stress0019-asr-servidor-1 Starting 
 Container stress0019-asr-cliente-1 Starting 
 Container stress0019-asr-servidor-1 Started 
 Container stress0019-asr-cliente-1 Started 
 Container stress0019-asr-pasarela-1 Started 
 Network stress0020-rc_red-lan Creating 
 Network stress0020-rc_red-lan Created 
 Network stress0020-rc_red-wan Creating 
 Network stress0020-rc_red-wan Created 
 Container stress0020-rc-router-1 Creating 
 Container stress0020-rc-servidor-1 Creating 
 Container stress0020-rc-cliente-1 Creating 
 Container stress0020-rc-router-1 Created 
 Container stress0020-rc-servidor-1 Created 
 Container stress0020-rc-cliente-1 Created 
 Container stress0020-rc-router-1 Starting 
 Container stress0020-rc-servidor-1 Starting 
 Container stress0020-rc-cliente-1 Starting 
 Container stress0020-rc-servidor-1 Started 
 Container stress0020-rc-cliente-1 Started 
 Container stress0020-rc-router-1 Started 
 Image stress0021-asr-cliente Building 
 Image stress0021-asr-pasarela Building 
 Image stress0021-asr-servidor Building 
 Image stress0021-asr-cliente Built 
 Image stress0021-asr-pasarela Built 
 Image stress0021-asr-servidor Built 
 Network stress0021-asr_red-externa Creating 
 Network stress0021-asr_red-externa Created 
 Network stress0021-asr_red-interna Creating 
 Network stress0021-asr_red-interna Created 
 Container stress0021-asr-pasarela-1 Creating 
 Container stress0021-asr-servidor-1 Creating 
 Container stress0021-asr-cliente-1 Creating 
 Container stress0021-asr-pasarela-1 Created 
 Container stress0021-asr-servidor-1 Created 
 Container stress0021-asr-cliente-1 Created 
 Container stress0021-asr-servidor-1 Starting 
 Container stress0021-asr-pasarela-1 Starting 
 Container stress0021-asr-cliente-1 Starting 
 Container stress0021-asr-servidor-1 Started 
 Container stress0021-asr-cliente-1 Started 
 Container stress0021-asr-pasarela-1 Started 
 Network stress0022-rc_red-lan Creating 
 Network stress0022-rc_red-lan Created 
 Network stress0022-rc_red-wan Creating 
 Network stress0022-rc_red-wan Created 
 Container stress0022-rc-cliente-1 Creating 
 Container stress0022-rc-router-1 Creating 
 Container stress0022-rc-servidor-1 Creating 
 Container stress0022-rc-cliente-1 Created 
 Container stress0022-rc-servidor-1 Created 
 Container stress0022-rc-router-1 Created 
 Container stress0022-rc-cliente-1 Starting 
 Container stress0022-rc-router-1 Starting 
 Container stress0022-rc-servidor-1 Starting 
 Container stress0022-rc-servidor-1 Started 
 Container stress0022-rc-cliente-1 Started 
 Container stress0022-rc-router-1 Started 
 Image stress0023-asr-servidor Building 
 Image stress0023-asr-cliente Building 
 Image stress0023-asr-pasarela Building 
 Image stress0023-asr-servidor Built 
 Image stress0023-asr-cliente Built 
 Image stress0023-asr-pasarela Built 
 Network stress0023-asr_red-interna Creating 
 Network stress0023-asr_red-interna Created 
 Network stress0023-asr_red-externa Creating 
 Network stress0023-asr_red-externa Created 
 Container stress0023-asr-pasarela-1 Creating 
 Container stress0023-asr-servidor-1 Creating 
 Container stress0023-asr-cliente-1 Creating 
 Container stress0023-asr-pasarela-1 Created 
 Container stress0023-asr-cliente-1 Created 
 Container stress0023-asr-servidor-1 Created 
 Container stress0023-asr-pasarela-1 Starting 
 Container stress0023-asr-servidor-1 Starting 
 Container stress0023-asr-cliente-1 Starting 
 Container stress0023-asr-servidor-1 Started 
 Container stress0023-asr-cliente-1 Started 
 Container stress0023-asr-pasarela-1 Started 
 Network stress0024-rc_red-wan Creating 
 Network stress0024-rc_red-wan Created 
 Network stress0024-rc_red-lan Creating 
 Network stress0024-rc_red-lan Created 
 Container stress0024-rc-servidor-1 Creating 
 Container stress0024-rc-cliente-1 Creating 
 Container stress0024-rc-router-1 Creating 
 Container stress0024-rc-servidor-1 Created 
 Container stress0024-rc-router-1 Created 
 Container stress0024-rc-cliente-1 Created 
 Container stress0024-rc-servidor-1 Starting 
 Container stress0024-rc-cliente-1 Starting 
 Container stress0024-rc-router-1 Starting 
 Container stress0024-rc-servidor-1 Started 
 Container stress0024-rc-cliente-1 Started 
 Container stress0024-rc-router-1 Started 
 Image stress0025-asr-cliente Building 
 Image stress0025-asr-pasarela Building 
 Image stress0025-asr-servidor Building 
 Image stress0025-asr-cliente Built 
 Image stress0025-asr-pasarela Built 
 Image stress0025-asr-servidor Built 
 Network stress0025-asr_red-interna Creating 
 Network stress0025-asr_red-interna Created 
 Network stress0025-asr_red-externa Creating 
 Network stress0025-asr_red-externa Created 
 Container stress0025-asr-servidor-1 Creating 
 Container stress0025-asr-cliente-1 Creating 
 Container stress0025-asr-pasarela-1 Creating 
 Container stress0025-asr-servidor-1 Created 
 Container stress0025-asr-cliente-1 Created 
 Container stress0025-asr-pasarela-1 Created 
 Container stress0025-asr-cliente-1 Starting 
 Container stress0025-asr-pasarela-1 Starting 
 Container stress0025-asr-servidor-1 Starting 
 Container stress0025-asr-servidor-1 Started 
 Container stress0025-asr-cliente-1 Started 
 Container stress0025-asr-pasarela-1 Started 
 Network stress0026-rc_red-wan Creating 
 Network stress0026-rc_red-wan Created 
 Network stress0026-rc_red-lan Creating 
 Network stress0026-rc_red-lan Created 
 Container stress0026-rc-router-1 Creating 
 Container stress0026-rc-cliente-1 Creating 
 Container stress0026-rc-servidor-1 Creating 
 Container stress0026-rc-router-1 Created 
 Container stress0026-rc-cliente-1 Created 
 Container stress0026-rc-servidor-1 Created 
 Container stress0026-rc-cliente-1 Starting 
 Container stress0026-rc-router-1 Starting 
 Container stress0026-rc-servidor-1 Starting 
 Container stress0026-rc-cliente-1 Started 
 Container stress0026-rc-servidor-1 Started 
 Container stress0026-rc-router-1 Started 
 Image stress0027-asr-servidor Building 
 Image stress0027-asr-cliente Building 
 Image stress0027-asr-pasarela Building 
 Image stress0027-asr-cliente Built 
 Image stress0027-asr-pasarela Built 
 Image stress0027-asr-servidor Built 
 Network stress0027-asr_red-interna Creating 
 Network stress0027-asr_red-interna Created 
 Network stress0027-asr_red-externa Creating 
 Network stress0027-asr_red-externa Created 
 Container stress0027-asr-cliente-1 Creating 
 Container stress0027-asr-pasarela-1 Creating 
 Container stress0027-asr-servidor-1 Creating 
 Container stress0027-asr-servidor-1 Created 
 Container stress0027-asr-cliente-1 Created 
 Container stress0027-asr-pasarela-1 Created 
 Container stress0027-asr-pasarela-1 Starting 
 Container stress0027-asr-cliente-1 Starting 
 Container stress0027-asr-servidor-1 Starting 
 Container stress0027-asr-servidor-1 Started 
 Container stress0027-asr-cliente-1 Started 
 Container stress0027-asr-pasarela-1 Started 
 Network stress0028-rc_red-lan Creating 
 Network stress0028-rc_red-lan Created 
 Network stress0028-rc_red-wan Creating 
 Network stress0028-rc_red-wan Created 
 Container stress0028-rc-cliente-1 Creating 
 Container stress0028-rc-router-1 Creating 
 Container stress0028-rc-servidor-1 Creating 
 Container stress0028-rc-servidor-1 Created 
 Container stress0028-rc-cliente-1 Created 
 Container stress0028-rc-router-1 Created 
 Container stress0028-rc-cliente-1 Starting 
 Container stress0028-rc-router-1 Starting 
 Container stress0028-rc-servidor-1 Starting 
 Container stress0028-rc-cliente-1 Started 
 Container stress0028-rc-servidor-1 Started 
 Container stress0028-rc-router-1 Started 
 Image stress0029-asr-cliente Building 
 Image stress0029-asr-pasarela Building 
 Image stress0029-asr-servidor Building 
 Image stress0029-asr-cliente Built 
 Image stress0029-asr-pasarela Built 
 Image stress0029-asr-servidor Built 
 Network stress0029-asr_red-externa Creating 
 Network stress0029-asr_red-externa Created 
 Network stress0029-asr_red-interna Creating 
 Network stress0029-asr_red-interna Created 
 Container stress0029-asr-cliente-1 Creating 
 Container stress0029-asr-pasarela-1 Creating 
 Container stress0029-asr-servidor-1 Creating 
 Container stress0029-asr-pasarela-1 Created 
 Container stress0029-asr-servidor-1 Created 
 Container stress0029-asr-cliente-1 Created 
 Container stress0029-asr-cliente-1 Starting 
 Container stress0029-asr-pasarela-1 Starting 
 Container stress0029-asr-servidor-1 Starting 
 Container stress0029-asr-cliente-1 Started 
 Container stress0029-asr-servidor-1 Started 
 Container stress0029-asr-pasarela-1 Started 
 Network stress0030-rc_red-lan Creating 
 Network stress0030-rc_red-lan Created 
 Network stress0030-rc_red-wan Creating 
 Network stress0030-rc_red-wan Created 
 Container stress0030-rc-cliente-1 Creating 
 Container stress0030-rc-router-1 Creating 
 Container stress0030-rc-servidor-1 Creating 
 Container stress0030-rc-servidor-1 Created 
 Container stress0030-rc-cliente-1 Created 
 Container stress0030-rc-router-1 Created 
 Container stress0030-rc-router-1 Starting 
 Container stress0030-rc-servidor-1 Starting 
 Container stress0030-rc-cliente-1 Starting 
 Container stress0030-rc-servidor-1 Started 
 Container stress0030-rc-cliente-1 Started 
 Container stress0030-rc-router-1 Started 
 Image stress0031-asr-pasarela Building 
 Image stress0031-asr-servidor Building 
 Image stress0031-asr-cliente Building 
 Image stress0031-asr-servidor Built 
 Image stress0031-asr-cliente Built 
 Image stress0031-asr-pasarela Built 
 Network stress0031-asr_red-externa Creating 
 Network stress0031-asr_red-externa Created 
 Network stress0031-asr_red-interna Creating 
 Network stress0031-asr_red-interna Created 
 Container stress0031-asr-servidor-1 Creating 
 Container stress0031-asr-pasarela-1 Creating 
 Container stress0031-asr-cliente-1 Creating 
 Container stress0031-asr-servidor-1 Created 
 Container stress0031-asr-pasarela-1 Created 
 Container stress0031-asr-cliente-1 Created 
 Container stress0031-asr-cliente-1 Starting 
 Container stress0031-asr-pasarela-1 Starting 
 Container stress0031-asr-servidor-1 Starting 
 Container stress0031-asr-cliente-1 Started 
 Container stress0031-asr-pasarela-1 Started 
 Container stress0031-asr-servidor-1 Started 
 Network stress0032-rc_red-wan Creating 
 Network stress0032-rc_red-wan Created 
 Network stress0032-rc_red-lan Creating 
 Network stress0032-rc_red-lan Created 
 Container stress0032-rc-servidor-1 Creating 
 Container stress0032-rc-cliente-1 Creating 
 Container stress0032-rc-router-1 Creating 
 Container stress0032-rc-servidor-1 Created 
 Container stress0032-rc-router-1 Created 
 Container stress0032-rc-cliente-1 Created 
 Container stress0032-rc-servidor-1 Starting 
 Container stress0032-rc-cliente-1 Starting 
 Container stress0032-rc-router-1 Starting 
 Container stress0032-rc-cliente-1 Started 
 Container stress0032-rc-servidor-1 Started 
 Container stress0032-rc-router-1 Started 
 Image stress0033-asr-pasarela Building 
 Image stress0033-asr-servidor Building 
 Image stress0033-asr-cliente Building 
 Image stress0033-asr-pasarela Built 
 Image stress0033-asr-servidor Built 
 Image stress0033-asr-cliente Built 
 Network stress0033-asr_red-interna Creating 
 Network stress0033-asr_red-interna Created 
 Network stress0033-asr_red-externa Creating 
 Network stress0033-asr_red-externa Created 
 Container stress0033-asr-cliente-1 Creating 
 Container stress0033-asr-servidor-1 Creating 
 Container stress0033-asr-pasarela-1 Creating 
 Container stress0033-asr-servidor-1 Created 
 Container stress0033-asr-cliente-1 Created 
 Container stress0033-asr-pasarela-1 Created 
 Container stress0033-asr-cliente-1 Starting 
 Container stress0033-asr-pasarela-1 Starting 
 Container stress0033-asr-servidor-1 Starting 
 Container stress0033-asr-cliente-1 Started 
 Container stress0033-asr-servidor-1 Started 
 Container stress0033-asr-pasarela-1 Started 
 Network stress0034-rc_red-wan Creating 
 Network stress0034-rc_red-wan Created 
 Network stress0034-rc_red-lan Creating 
 Network stress0034-rc_red-lan Created 
 Container stress0034-rc-router-1 Creating 
 Container stress0034-rc-servidor-1 Creating 
 Container stress0034-rc-cliente-1 Creating 
 Container stress0034-rc-router-1 Created 
 Container stress0034-rc-servidor-1 Created 
 Container stress0034-rc-cliente-1 Created 
 Container stress0034-rc-servidor-1 Starting 
 Container stress0034-rc-cliente-1 Starting 
 Container stress0034-rc-router-1 Starting 
 Container stress0034-rc-servidor-1 Started 
 Container stress0034-rc-cliente-1 Started 
 Container stress0034-rc-router-1 Started 
 Image stress0035-asr-pasarela Building 
 Image stress0035-asr-servidor Building 
 Image stress0035-asr-cliente Building 
 Image stress0035-asr-servidor Built 
 Image stress0035-asr-cliente Built 
 Image stress0035-asr-pasarela Built 
 Network stress0035-asr_red-interna Creating 
 Network stress0035-asr_red-interna Created 
 Network stress0035-asr_red-externa Creating 
 Network stress0035-asr_red-externa Created 
 Container stress0035-asr-servidor-1 Creating 
 Container stress0035-asr-cliente-1 Creating 
 Container stress0035-asr-pasarela-1 Creating 
 Container stress0035-asr-servidor-1 Created 
 Container stress0035-asr-pasarela-1 Created 
 Container stress0035-asr-cliente-1 Created 
 Container stress0035-asr-servidor-1 Starting 
 Container stress0035-asr-pasarela-1 Starting 
 Container stress0035-asr-cliente-1 Starting 
 Container stress0035-asr-servidor-1 Started 
 Container stress0035-asr-cliente-1 Started 
 Container stress0035-asr-pasarela-1 Started 
 Network stress0036-rc_red-lan Creating 
 Network stress0036-rc_red-lan Created 
 Network stress0036-rc_red-wan Creating 
 Network stress0036-rc_red-wan Created 
 Container stress0036-rc-servidor-1 Creating 
 Container stress0036-rc-router-1 Creating 
 Container stress0036-rc-cliente-1 Creating 
 Container stress0036-rc-servidor-1 Created 
 Container stress0036-rc-router-1 Created 
 Container stress0036-rc-cliente-1 Created 
 Container stress0036-rc-router-1 Starting 
 Container stress0036-rc-servidor-1 Starting 
 Container stress0036-rc-cliente-1 Starting 
 Container stress0036-rc-servidor-1 Started 
 Container stress0036-rc-cliente-1 Started 
 Container stress0036-rc-router-1 Started 
 Image stress0037-asr-servidor Building 
 Image stress0037-asr-cliente Building 
 Image stress0037-asr-pasarela Building 
 Image stress0037-asr-servidor Built 
 Image stress0037-asr-cliente Built 
 Image stress0037-asr-pasarela Built 
 Network stress0037-asr_red-interna Creating 
 Network stress0037-asr_red-interna Created 
 Network stress0037-asr_red-externa Creating 
 Network stress0037-asr_red-externa Created 
 Container stress0037-asr-servidor-1 Creating 
 Container stress0037-asr-cliente-1 Creating 
 Container stress0037-asr-pasarela-1 Creating 
 Container stress0037-asr-servidor-1 Created 
 Container stress0037-asr-cliente-1 Created 
 Container stress0037-asr-pasarela-1 Created 
 Container stress0037-asr-pasarela-1 Starting 
 Container stress0037-asr-servidor-1 Starting 
 Container stress0037-asr-cliente-1 Starting 
 Container stress0037-asr-cliente-1 Started 
 Container stress0037-asr-pasarela-1 Started 
 Container stress0037-asr-servidor-1 Started 
 Network stress0038-rc_red-lan Creating 
 Network stress0038-rc_red-lan Created 
 Network stress0038-rc_red-wan Creating 
 Network stress0038-rc_red-wan Created 
 Container stress0038-rc-cliente-1 Creating 
 Container stress0038-rc-router-1 Creating 
 Container stress0038-rc-servidor-1 Creating 
 Container stress0038-rc-servidor-1 Created 
 Container stress0038-rc-cliente-1 Created 
 Container stress0038-rc-router-1 Created 
 Container stress0038-rc-cliente-1 Starting 
 Container stress0038-rc-router-1 Starting 
 Container stress0038-rc-servidor-1 Starting 
 Container stress0038-rc-cliente-1 Started 
 Container stress0038-rc-servidor-1 Started 
 Container stress0038-rc-router-1 Started 
 Image stress0039-asr-cliente Building 
 Image stress0039-asr-pasarela Building 
 Image stress0039-asr-servidor Building 
 Image stress0039-asr-servidor Built 
 Image stress0039-asr-cliente Built 
 Image stress0039-asr-pasarela Built 
 Network stress0039-asr_red-interna Creating 
 Network stress0039-asr_red-interna Created 
 Network stress0039-asr_red-externa Creating 
 Network stress0039-asr_red-externa Created 
 Container stress0039-asr-pasarela-1 Creating 
 Container stress0039-asr-cliente-1 Creating 
 Container stress0039-asr-servidor-1 Creating 
 Container stress0039-asr-cliente-1 Created 
 Container stress0039-asr-servidor-1 Created 
 Container stress0039-asr-pasarela-1 Created 
 Container stress0039-asr-pasarela-1 Starting 
 Container stress0039-asr-cliente-1 Starting 
 Container stress0039-asr-servidor-1 Starting 
 Container stress0039-asr-cliente-1 Started 
 Container stress0039-asr-servidor-1 Started 
 Container stress0039-asr-pasarela-1 Started 
 Network stress0040-rc_red-wan Creating 
 Network stress0040-rc_red-wan Created 
 Network stress0040-rc_red-lan Creating 
 Network stress0040-rc_red-lan Created 
 Container stress0040-rc-cliente-1 Creating 
 Container stress0040-rc-router-1 Creating 
 Container stress0040-rc-servidor-1 Creating 
 Container stress0040-rc-cliente-1 Created 
 Container stress0040-rc-router-1 Created 
 Container stress0040-rc-servidor-1 Created 
 Container stress0040-rc-cliente-1 Starting 
 Container stress0040-rc-servidor-1 Starting 
 Container stress0040-rc-router-1 Starting 
 Container stress0040-rc-servidor-1 Started 
 Container stress0040-rc-cliente-1 Started 
 Container stress0040-rc-router-1 Started 
 Image stress0041-asr-pasarela Building 
 Image stress0041-asr-servidor Building 
 Image stress0041-asr-cliente Building 
 Image stress0041-asr-servidor Built 
 Image stress0041-asr-cliente Built 
 Image stress0041-asr-pasarela Built 
 Network stress0041-asr_red-interna Creating 
 Network stress0041-asr_red-interna Created 
 Network stress0041-asr_red-externa Creating 
 Network stress0041-asr_red-externa Created 
 Container stress0041-asr-servidor-1 Creating 
 Container stress0041-asr-pasarela-1 Creating 
 Container stress0041-asr-cliente-1 Creating 
 Container stress0041-asr-pasarela-1 Created 
 Container stress0041-asr-servidor-1 Created 
 Container stress0041-asr-cliente-1 Created 
 Container stress0041-asr-cliente-1 Starting 
 Container stress0041-asr-servidor-1 Starting 
 Container stress0041-asr-pasarela-1 Starting 
 Container stress0041-asr-cliente-1 Started 
 Container stress0041-asr-servidor-1 Started 
 Container stress0041-asr-pasarela-1 Started 
 Network stress0042-rc_red-wan Creating 
 Network stress0042-rc_red-wan Created 
 Network stress0042-rc_red-lan Creating 
 Network stress0042-rc_red-lan Created 
 Container stress0042-rc-router-1 Creating 
 Container stress0042-rc-servidor-1 Creating 
 Container stress0042-rc-cliente-1 Creating 
 Container stress0042-rc-servidor-1 Created 
 Container stress0042-rc-router-1 Created 
 Container stress0042-rc-cliente-1 Created 
 Container stress0042-rc-cliente-1 Starting 
 Container stress0042-rc-router-1 Starting 
 Container stress0042-rc-servidor-1 Starting 
 Container stress0042-rc-servidor-1 Started 
 Container stress0042-rc-cliente-1 Started 
 Container stress0042-rc-router-1 Started 
 Image stress0043-asr-pasarela Building 
 Image stress0043-asr-servidor Building 
 Image stress0043-asr-cliente Building 
 Image stress0043-asr-cliente Built 
 Image stress0043-asr-pasarela Built 
 Image stress0043-asr-servidor Built 
 Network stress0043-asr_red-externa Creating 
 Network stress0043-asr_red-externa Created 
 Network stress0043-asr_red-interna Creating 
 Network stress0043-asr_red-interna Created 
 Container stress0043-asr-pasarela-1 Creating 
 Container stress0043-asr-servidor-1 Creating 
 Container stress0043-asr-cliente-1 Creating 
 Container stress0043-asr-cliente-1 Created 
 Container stress0043-asr-servidor-1 Created 
 Container stress0043-asr-pasarela-1 Created 
 Container stress0043-asr-servidor-1 Starting 
 Container stress0043-asr-cliente-1 Starting 
 Container stress0043-asr-pasarela-1 Starting 
 Container stress0043-asr-cliente-1 Started 
 Container stress0043-asr-servidor-1 Started 
 Container stress0043-asr-pasarela-1 Started 
 Network stress0044-rc_red-lan Creating 
 Network stress0044-rc_red-lan Created 
 Network stress0044-rc_red-wan Creating 
 Network stress0044-rc_red-wan Created 
 Container stress0044-rc-cliente-1 Creating 
 Container stress0044-rc-router-1 Creating 
 Container stress0044-rc-servidor-1 Creating 
 Container stress0044-rc-cliente-1 Created 
 Container stress0044-rc-servidor-1 Created 
 Container stress0044-rc-router-1 Created 
 Container stress0044-rc-router-1 Starting 
 Container stress0044-rc-servidor-1 Starting 
 Container stress0044-rc-cliente-1 Starting 
 Container stress0044-rc-servidor-1 Started 
 Container stress0044-rc-cliente-1 Started 
 Container stress0044-rc-router-1 Started 
 Image stress0045-asr-servidor Building 
 Image stress0045-asr-cliente Building 
 Image stress0045-asr-pasarela Building 
 Image stress0045-asr-pasarela Built 
 Image stress0045-asr-servidor Built 
 Image stress0045-asr-cliente Built 
 Network stress0045-asr_red-interna Creating 
 Network stress0045-asr_red-interna Created 
 Network stress0045-asr_red-externa Creating 
 Network stress0045-asr_red-externa Created 
 Container stress0045-asr-pasarela-1 Creating 
 Container stress0045-asr-cliente-1 Creating 
 Container stress0045-asr-servidor-1 Creating 
 Container stress0045-asr-servidor-1 Created 
 Container stress0045-asr-pasarela-1 Created 
 Container stress0045-asr-cliente-1 Created 
 Container stress0045-asr-pasarela-1 Starting 
 Container stress0045-asr-servidor-1 Starting 
 Container stress0045-asr-cliente-1 Starting 
 Container stress0045-asr-servidor-1 Started 
 Container stress0045-asr-cliente-1 Started 
 Container stress0045-asr-pasarela-1 Started 
 Network stress0046-rc_red-lan Creating 
 Network stress0046-rc_red-lan Created 
 Network stress0046-rc_red-wan Creating 
 Network stress0046-rc_red-wan Created 
 Container stress0046-rc-router-1 Creating 
 Container stress0046-rc-servidor-1 Creating 
 Container stress0046-rc-cliente-1 Creating 
 Container stress0046-rc-router-1 Created 
 Container stress0046-rc-servidor-1 Created 
 Container stress0046-rc-cliente-1 Created 
 Container stress0046-rc-cliente-1 Starting 
 Container stress0046-rc-router-1 Starting 
 Container stress0046-rc-servidor-1 Starting 
 Container stress0046-rc-servidor-1 Started 
 Container stress0046-rc-cliente-1 Started 
 Container stress0046-rc-router-1 Started 
 Image stress0047-asr-cliente Building 
 Image stress0047-asr-pasarela Building 
 Image stress0047-asr-servidor Building 
 Image stress0047-asr-servidor Built 
 Image stress0047-asr-cliente Built 
 Image stress0047-asr-pasarela Built 
 Network stress0047-asr_red-interna Creating 
 Network stress0047-asr_red-interna Created 
 Network stress0047-asr_red-externa Creating 
 Network stress0047-asr_red-externa Created 
 Container stress0047-asr-pasarela-1 Creating 
 Container stress0047-asr-servidor-1 Creating 
 Container stress0047-asr-cliente-1 Creating 
 Container stress0047-asr-servidor-1 Created 
 Container stress0047-asr-cliente-1 Created 
 Container stress0047-asr-pasarela-1 Created 
 Container stress0047-asr-cliente-1 Starting 
 Container stress0047-asr-pasarela-1 Starting 
 Container stress0047-asr-servidor-1 Starting 
 Container stress0047-asr-cliente-1 Started 
 Container stress0047-asr-servidor-1 Started 
 Container stress0047-asr-pasarela-1 Started 
 Network stress0048-rc_red-lan Creating 
 Network stress0048-rc_red-lan Created 
 Network stress0048-rc_red-wan Creating 
 Network stress0048-rc_red-wan Created 
 Container stress0048-rc-servidor-1 Creating 
 Container stress0048-rc-router-1 Creating 
 Container stress0048-rc-cliente-1 Creating 
 Container stress0048-rc-servidor-1 Created 
 Container stress0048-rc-cliente-1 Created 
 Container stress0048-rc-router-1 Created 
 Container stress0048-rc-router-1 Starting 
 Container stress0048-rc-servidor-1 Starting 
 Container stress0048-rc-cliente-1 Starting 
 Container stress0048-rc-servidor-1 Started 
 Container stress0048-rc-cliente-1 Started 
 Container stress0048-rc-router-1 Started 
 Image stress0049-asr-cliente Building 
 Image stress0049-asr-pasarela Building 
 Image stress0049-asr-servidor Building 
 Image stress0049-asr-pasarela Built 
 Image stress0049-asr-servidor Built 
 Image stress0049-asr-cliente Built 
 Network stress0049-asr_red-interna Creating 
 Network stress0049-asr_red-interna Created 
 Network stress0049-asr_red-externa Creating 
 Network stress0049-asr_red-externa Created 
 Container stress0049-asr-servidor-1 Creating 
 Container stress0049-asr-pasarela-1 Creating 
 Container stress0049-asr-cliente-1 Creating 
 Container stress0049-asr-servidor-1 Created 
 Container stress0049-asr-cliente-1 Created 
 Container stress0049-asr-pasarela-1 Created 
 Container stress0049-asr-cliente-1 Starting 
 Container stress0049-asr-pasarela-1 Starting 
 Container stress0049-asr-servidor-1 Starting 
 Container stress0049-asr-cliente-1 Started 
 Container stress0049-asr-servidor-1 Started 
 Container stress0049-asr-pasarela-1 Started 
 Network stress0050-rc_red-lan Creating 
 Network stress0050-rc_red-lan Created 
 Network stress0050-rc_red-wan Creating 
 Network stress0050-rc_red-wan Created 
 Container stress0050-rc-router-1 Creating 
 Container stress0050-rc-servidor-1 Creating 
 Container stress0050-rc-cliente-1 Creating 
 Container stress0050-rc-servidor-1 Created 
 Container stress0050-rc-router-1 Created 
 Container stress0050-rc-cliente-1 Created 
 Container stress0050-rc-cliente-1 Starting 
 Container stress0050-rc-router-1 Starting 
 Container stress0050-rc-servidor-1 Starting 
 Container stress0050-rc-servidor-1 Started 
 Container stress0050-rc-cliente-1 Started 
 Container stress0050-rc-router-1 Started 
 Image stress0051-asr-servidor Building 
 Image stress0051-asr-cliente Building 
 Image stress0051-asr-pasarela Building 
 Image stress0051-asr-cliente Built 
 Image stress0051-asr-pasarela Built 
 Image stress0051-asr-servidor Built 
 Network stress0051-asr_red-interna Creating 
 Network stress0051-asr_red-interna Created 
 Network stress0051-asr_red-externa Creating 
 Network stress0051-asr_red-externa Created 
 Container stress0051-asr-servidor-1 Creating 
 Container stress0051-asr-pasarela-1 Creating 
 Container stress0051-asr-cliente-1 Creating 
 Container stress0051-asr-servidor-1 Created 
 Container stress0051-asr-cliente-1 Created 
 Container stress0051-asr-pasarela-1 Created 
 Container stress0051-asr-cliente-1 Starting 
 Container stress0051-asr-pasarela-1 Starting 
 Container stress0051-asr-servidor-1 Starting 
 Container stress0051-asr-cliente-1 Started 
 Container stress0051-asr-servidor-1 Started 
 Container stress0051-asr-pasarela-1 Started 
 Network stress0052-rc_red-wan Creating 
 Network stress0052-rc_red-wan Created 
 Network stress0052-rc_red-lan Creating 
 Network stress0052-rc_red-lan Created 
 Container stress0052-rc-cliente-1 Creating 
 Container stress0052-rc-router-1 Creating 
 Container stress0052-rc-servidor-1 Creating 
 Container stress0052-rc-cliente-1 Created 
 Container stress0052-rc-servidor-1 Created 
 Container stress0052-rc-router-1 Created 
 Container stress0052-rc-servidor-1 Starting 
 Container stress0052-rc-cliente-1 Starting 
 Container stress0052-rc-router-1 Starting 
 Container stress0052-rc-servidor-1 Started 
 Container stress0052-rc-cliente-1 Started 
 Container stress0052-rc-router-1 Started 
 Image stress0053-asr-pasarela Building 
 Image stress0053-asr-servidor Building 
 Image stress0053-asr-cliente Building 
 Image stress0053-asr-cliente Built 
 Image stress0053-asr-pasarela Built 
 Image stress0053-asr-servidor Built 
 Network stress0053-asr_red-interna Creating 
 Network stress0053-asr_red-interna Created 
 Network stress0053-asr_red-externa Creating 
 Network stress0053-asr_red-externa Created 
 Container stress0053-asr-servidor-1 Creating 
 Container stress0053-asr-pasarela-1 Creating 
 Container stress0053-asr-cliente-1 Creating 
 Container stress0053-asr-pasarela-1 Created 
 Container stress0053-asr-cliente-1 Created 
 Container stress0053-asr-servidor-1 Created 
 Container stress0053-asr-cliente-1 Starting 
 Container stress0053-asr-servidor-1 Starting 
 Container stress0053-asr-pasarela-1 Starting 
 Container stress0053-asr-cliente-1 Started 
 Container stress0053-asr-servidor-1 Started 
 Container stress0053-asr-pasarela-1 Started 
 Network stress0054-rc_red-wan Creating 
 Network stress0054-rc_red-wan Created 
 Network stress0054-rc_red-lan Creating 
 Network stress0054-rc_red-lan Created 
 Container stress0054-rc-servidor-1 Creating 
 Container stress0054-rc-cliente-1 Creating 
 Container stress0054-rc-router-1 Creating 
 Container stress0054-rc-cliente-1 Created 
 Container stress0054-rc-servidor-1 Created 
 Container stress0054-rc-router-1 Created 
 Container stress0054-rc-servidor-1 Starting 
 Container stress0054-rc-cliente-1 Starting 
 Container stress0054-rc-router-1 Starting 
 Container stress0054-rc-servidor-1 Started 
 Container stress0054-rc-cliente-1 Started 
 Container stress0054-rc-router-1 Started 
 Image stress0055-asr-cliente Building 
 Image stress0055-asr-pasarela Building 
 Image stress0055-asr-servidor Building 
 Image stress0055-asr-pasarela Built 
 Image stress0055-asr-servidor Built 
 Image stress0055-asr-cliente Built 
 Network stress0055-asr_red-interna Creating 
 Network stress0055-asr_red-interna Created 
 Network stress0055-asr_red-externa Creating 
 Network stress0055-asr_red-externa Created 
 Container stress0055-asr-cliente-1 Creating 
 Container stress0055-asr-pasarela-1 Creating 
 Container stress0055-asr-servidor-1 Creating 
 Container stress0055-asr-pasarela-1 Created 
 Container stress0055-asr-cliente-1 Created 
 Container stress0055-asr-servidor-1 Created 
 Container stress0055-asr-cliente-1 Starting 
 Container stress0055-asr-pasarela-1 Starting 
 Container stress0055-asr-servidor-1 Starting 
 Container stress0055-asr-cliente-1 Started 
 Container stress0055-asr-servidor-1 Started 
 Container stress0055-asr-pasarela-1 Started 
 Network stress0056-rc_red-wan Creating 
 Network stress0056-rc_red-wan Created 
 Network stress0056-rc_red-lan Creating 
 Network stress0056-rc_red-lan Created 
 Container stress0056-rc-router-1 Creating 
 Container stress0056-rc-servidor-1 Creating 
 Container stress0056-rc-cliente-1 Creating 
 Container stress0056-rc-router-1 Created 
 Container stress0056-rc-servidor-1 Created 
 Container stress0056-rc-cliente-1 Created 
 Container stress0056-rc-router-1 Starting 
 Container stress0056-rc-servidor-1 Starting 
 Container stress0056-rc-cliente-1 Starting 
 Container stress0056-rc-servidor-1 Started 
 Container stress0056-rc-cliente-1 Started 
 Container stress0056-rc-router-1 Started 
 Image stress0057-asr-servidor Building 
 Image stress0057-asr-cliente Building 
 Image stress0057-asr-pasarela Building 
 Image stress0057-asr-servidor Built 
 Image stress0057-asr-cliente Built 
 Image stress0057-asr-pasarela Built 
 Network stress0057-asr_red-externa Creating 
 Network stress0057-asr_red-externa Created 
 Network stress0057-asr_red-interna Creating 
 Network stress0057-asr_red-interna Created 
 Container stress0057-asr-cliente-1 Creating 
 Container stress0057-asr-servidor-1 Creating 
 Container stress0057-asr-pasarela-1 Creating 
 Container stress0057-asr-cliente-1 Created 
 Container stress0057-asr-pasarela-1 Created 
 Container stress0057-asr-servidor-1 Created 
 Container stress0057-asr-pasarela-1 Starting 
 Container stress0057-asr-servidor-1 Starting 
 Container stress0057-asr-cliente-1 Starting 
 Container stress0057-asr-servidor-1 Started 
 Container stress0057-asr-cliente-1 Started 
 Container stress0057-asr-pasarela-1 Started 
 Network stress0058-rc_red-wan Creating 
 Network stress0058-rc_red-wan Created 
 Network stress0058-rc_red-lan Creating 
 Network stress0058-rc_red-lan Created 
 Container stress0058-rc-cliente-1 Creating 
 Container stress0058-rc-router-1 Creating 
 Container stress0058-rc-servidor-1 Creating 
 Container stress0058-rc-servidor-1 Created 
 Container stress0058-rc-cliente-1 Created 
 Container stress0058-rc-router-1 Created 
 Container stress0058-rc-servidor-1 Starting 
 Container stress0058-rc-router-1 Starting 
 Container stress0058-rc-cliente-1 Starting 
 Container stress0058-rc-cliente-1 Started 
 Container stress0058-rc-servidor-1 Started 
 Container stress0058-rc-router-1 Started 
 Image stress0059-asr-pasarela Building 
 Image stress0059-asr-servidor Building 
 Image stress0059-asr-cliente Building 
 Image stress0059-asr-servidor Built 
 Image stress0059-asr-cliente Built 
 Image stress0059-asr-pasarela Built 
 Network stress0059-asr_red-externa Creating 
 Network stress0059-asr_red-externa Created 
 Network stress0059-asr_red-interna Creating 
 Network stress0059-asr_red-interna Created 
 Container stress0059-asr-servidor-1 Creating 
 Container stress0059-asr-cliente-1 Creating 
 Container stress0059-asr-pasarela-1 Creating 
 Container stress0059-asr-pasarela-1 Created 
 Container stress0059-asr-cliente-1 Created 
 Container stress0059-asr-servidor-1 Created 
 Container stress0059-asr-cliente-1 Starting 
 Container stress0059-asr-pasarela-1 Starting 
 Container stress0059-asr-servidor-1 Starting 
 Container stress0059-asr-servidor-1 Started 
 Container stress0059-asr-cliente-1 Started 
 Container stress0059-asr-pasarela-1 Started 
 Network stress0060-rc_red-wan Creating 
 Network stress0060-rc_red-wan Created 
 Network stress0060-rc_red-lan Creating 
 Network stress0060-rc_red-lan Created 
 Container stress0060-rc-router-1 Creating 
 Container stress0060-rc-servidor-1 Creating 
 Container stress0060-rc-cliente-1 Creating 
 Container stress0060-rc-router-1 Created 
 Container stress0060-rc-servidor-1 Created 
 Container stress0060-rc-cliente-1 Created 
 Container stress0060-rc-cliente-1 Starting 
 Container stress0060-rc-router-1 Starting 
 Container stress0060-rc-servidor-1 Starting 
 Container stress0060-rc-servidor-1 Started 
 Container stress0060-rc-cliente-1 Started 
 Container stress0060-rc-router-1 Started 
 Image stress0061-asr-pasarela Building 
 Image stress0061-asr-servidor Building 
 Image stress0061-asr-cliente Building 
 Image stress0061-asr-cliente Built 
 Image stress0061-asr-pasarela Built 
 Image stress0061-asr-servidor Built 
 Network stress0061-asr_red-interna Creating 
 Network stress0061-asr_red-interna Created 
 Network stress0061-asr_red-externa Creating 
 Network stress0061-asr_red-externa Created 
 Container stress0061-asr-pasarela-1 Creating 
 Container stress0061-asr-servidor-1 Creating 
 Container stress0061-asr-cliente-1 Creating 
 Container stress0061-asr-servidor-1 Created 
 Container stress0061-asr-cliente-1 Created 
 Container stress0061-asr-pasarela-1 Created 
 Container stress0061-asr-servidor-1 Starting 
 Container stress0061-asr-cliente-1 Starting 
 Container stress0061-asr-pasarela-1 Starting 
 Container stress0061-asr-cliente-1 Started 
 Container stress0061-asr-servidor-1 Started 
 Container stress0061-asr-pasarela-1 Started 
 Network stress0062-rc_red-lan Creating 
 Network stress0062-rc_red-lan Created 
 Network stress0062-rc_red-wan Creating 
 Network stress0062-rc_red-wan Created 
 Container stress0062-rc-servidor-1 Creating 
 Container stress0062-rc-cliente-1 Creating 
 Container stress0062-rc-router-1 Creating 
 Container stress0062-rc-servidor-1 Created 
 Container stress0062-rc-cliente-1 Created 
 Container stress0062-rc-router-1 Created 
 Container stress0062-rc-router-1 Starting 
 Container stress0062-rc-servidor-1 Starting 
 Container stress0062-rc-cliente-1 Starting 
 Container stress0062-rc-cliente-1 Started 
 Container stress0062-rc-servidor-1 Started 
 Container stress0062-rc-router-1 Started 
 Image stress0063-asr-pasarela Building 
 Image stress0063-asr-servidor Building 
 Image stress0063-asr-cliente Building 
 Image stress0063-asr-cliente Built 
 Image stress0063-asr-pasarela Built 
 Image stress0063-asr-servidor Built 
 Network stress0063-asr_red-externa Creating 
 Network stress0063-asr_red-externa Created 
 Network stress0063-asr_red-interna Creating 
 Network stress0063-asr_red-interna Created 
 Container stress0063-asr-cliente-1 Creating 
 Container stress0063-asr-pasarela-1 Creating 
 Container stress0063-asr-servidor-1 Creating 
 Container stress0063-asr-cliente-1 Created 
 Container stress0063-asr-pasarela-1 Created 
 Container stress0063-asr-servidor-1 Created 
 Container stress0063-asr-servidor-1 Starting 
 Container stress0063-asr-cliente-1 Starting 
 Container stress0063-asr-pasarela-1 Starting 
 Container stress0063-asr-cliente-1 Started 
 Container stress0063-asr-servidor-1 Started 
 Container stress0063-asr-pasarela-1 Started 
 Network stress0064-rc_red-lan Creating 
 Network stress0064-rc_red-lan Created 
 Network stress0064-rc_red-wan Creating 
 Network stress0064-rc_red-wan Created 
 Container stress0064-rc-servidor-1 Creating 
 Container stress0064-rc-cliente-1 Creating 
 Container stress0064-rc-router-1 Creating 
 Container stress0064-rc-cliente-1 Created 
 Container stress0064-rc-servidor-1 Created 
 Container stress0064-rc-router-1 Created 
 Container stress0064-rc-servidor-1 Starting 
 Container stress0064-rc-router-1 Starting 
 Container stress0064-rc-cliente-1 Starting 
 Container stress0064-rc-servidor-1 Started 
 Container stress0064-rc-cliente-1 Started 
 Container stress0064-rc-router-1 Started 
 Image stress0065-asr-pasarela Building 
 Image stress0065-asr-servidor Building 
 Image stress0065-asr-cliente Building 
 Image stress0065-asr-pasarela Built 
 Image stress0065-asr-servidor Built 
 Image stress0065-asr-cliente Built 
 Network stress0065-asr_red-interna Creating 
 Network stress0065-asr_red-interna Created 
 Network stress0065-asr_red-externa Creating 
 Network stress0065-asr_red-externa Created 
 Container stress0065-asr-pasarela-1 Creating 
 Container stress0065-asr-servidor-1 Creating 
 Container stress0065-asr-cliente-1 Creating 
 Container stress0065-asr-cliente-1 Created 
 Container stress0065-asr-servidor-1 Created 
 Container stress0065-asr-pasarela-1 Created 
 Container stress0065-asr-cliente-1 Starting 
 Container stress0065-asr-pasarela-1 Starting 
 Container stress0065-asr-servidor-1 Starting 
 Container stress0065-asr-servidor-1 Started 
 Container stress0065-asr-cliente-1 Started 
 Container stress0065-asr-pasarela-1 Started 
 Network stress0066-rc_red-wan Creating 
 Network stress0066-rc_red-wan Created 
 Network stress0066-rc_red-lan Creating 
 Network stress0066-rc_red-lan Created 
 Container stress0066-rc-servidor-1 Creating 
 Container stress0066-rc-router-1 Creating 
 Container stress0066-rc-cliente-1 Creating 
 Container stress0066-rc-servidor-1 Created 
 Container stress0066-rc-router-1 Created 
 Container stress0066-rc-cliente-1 Created 
 Container stress0066-rc-cliente-1 Starting 
 Container stress0066-rc-router-1 Starting 
 Container stress0066-rc-servidor-1 Starting 
 Container stress0066-rc-servidor-1 Started 
 Container stress0066-rc-router-1 Started 
 Container stress0066-rc-cliente-1 Started 
 Image stress0067-asr-cliente Building 
 Image stress0067-asr-pasarela Building 
 Image stress0067-asr-servidor Building 
 Image stress0067-asr-servidor Built 
 Image stress0067-asr-cliente Built 
 Image stress0067-asr-pasarela Built 
 Network stress0067-asr_red-externa Creating 
 Network stress0067-asr_red-externa Created 
 Network stress0067-asr_red-interna Creating 
 Network stress0067-asr_red-interna Created 
 Container stress0067-asr-pasarela-1 Creating 
 Container stress0067-asr-servidor-1 Creating 
 Container stress0067-asr-cliente-1 Creating 
 Container stress0067-asr-pasarela-1 Created 
 Container stress0067-asr-cliente-1 Created 
 Container stress0067-asr-servidor-1 Created 
 Container stress0067-asr-servidor-1 Starting 
 Container stress0067-asr-cliente-1 Starting 
 Container stress0067-asr-pasarela-1 Starting 
 Container stress0067-asr-cliente-1 Started 
 Container stress0067-asr-servidor-1 Started 
 Container stress0067-asr-pasarela-1 Started 
 Network stress0068-rc_red-lan Creating 
 Network stress0068-rc_red-lan Created 
 Network stress0068-rc_red-wan Creating 
 Network stress0068-rc_red-wan Created 
 Container stress0068-rc-servidor-1 Creating 
 Container stress0068-rc-cliente-1 Creating 
 Container stress0068-rc-router-1 Creating 
 Container stress0068-rc-servidor-1 Created 
 Container stress0068-rc-cliente-1 Created 
 Container stress0068-rc-router-1 Created 
 Container stress0068-rc-servidor-1 Starting 
 Container stress0068-rc-router-1 Starting 
 Container stress0068-rc-cliente-1 Starting 
 Container stress0068-rc-cliente-1 Started 
 Container stress0068-rc-servidor-1 Started 
 Container stress0068-rc-router-1 Started 
 Image stress0069-asr-cliente Building 
 Image stress0069-asr-pasarela Building 
 Image stress0069-asr-servidor Building 
 Image stress0069-asr-servidor Built 
 Image stress0069-asr-cliente Built 
 Image stress0069-asr-pasarela Built 
 Network stress0069-asr_red-interna Creating 
 Network stress0069-asr_red-interna Created 
 Network stress0069-asr_red-externa Creating 
 Network stress0069-asr_red-externa Created 
 Container stress0069-asr-pasarela-1 Creating 
 Container stress0069-asr-servidor-1 Creating 
 Container stress0069-asr-cliente-1 Creating 
 Container stress0069-asr-pasarela-1 Created 
 Container stress0069-asr-servidor-1 Created 
 Container stress0069-asr-cliente-1 Created 
 Container stress0069-asr-pasarela-1 Starting 
 Container stress0069-asr-servidor-1 Starting 
 Container stress0069-asr-cliente-1 Starting 
 Container stress0069-asr-cliente-1 Started 
 Container stress0069-asr-servidor-1 Started 
 Container stress0069-asr-pasarela-1 Started 
 Network stress0070-rc_red-wan Creating 
 Network stress0070-rc_red-wan Created 
 Network stress0070-rc_red-lan Creating 
 Network stress0070-rc_red-lan Created 
 Container stress0070-rc-cliente-1 Creating 
 Container stress0070-rc-router-1 Creating 
 Container stress0070-rc-servidor-1 Creating 
 Container stress0070-rc-router-1 Created 
 Container stress0070-rc-cliente-1 Created 
 Container stress0070-rc-servidor-1 Created 
 Container stress0070-rc-router-1 Starting 
 Container stress0070-rc-servidor-1 Starting 
 Container stress0070-rc-cliente-1 Starting 
 Container stress0070-rc-cliente-1 Started 
 Container stress0070-rc-servidor-1 Started 
 Container stress0070-rc-router-1 Started 
 Image stress0071-asr-pasarela Building 
 Image stress0071-asr-servidor Building 
 Image stress0071-asr-cliente Building 
 Image stress0071-asr-pasarela Built 
 Image stress0071-asr-servidor Built 
 Image stress0071-asr-cliente Built 
 Network stress0071-asr_red-interna Creating 
 Network stress0071-asr_red-interna Created 
 Network stress0071-asr_red-externa Creating 
 Network stress0071-asr_red-externa Created 
 Container stress0071-asr-pasarela-1 Creating 
 Container stress0071-asr-cliente-1 Creating 
 Container stress0071-asr-servidor-1 Creating 
 Container stress0071-asr-pasarela-1 Created 
 Container stress0071-asr-cliente-1 Created 
 Container stress0071-asr-servidor-1 Created 
 Container stress0071-asr-servidor-1 Starting 
 Container stress0071-asr-cliente-1 Starting 
 Container stress0071-asr-pasarela-1 Starting 
 Container stress0071-asr-servidor-1 Started 
 Container stress0071-asr-cliente-1 Started 
 Container stress0071-asr-pasarela-1 Started 
 Network stress0072-rc_red-wan Creating 
 Network stress0072-rc_red-wan Created 
 Network stress0072-rc_red-lan Creating 
 Network stress0072-rc_red-lan Created 
 Container stress0072-rc-router-1 Creating 
 Container stress0072-rc-servidor-1 Creating 
 Container stress0072-rc-cliente-1 Creating 
 Container stress0072-rc-router-1 Created 
 Container stress0072-rc-cliente-1 Created 
 Container stress0072-rc-servidor-1 Created 
 Container stress0072-rc-router-1 Starting 
 Container stress0072-rc-servidor-1 Starting 
 Container stress0072-rc-cliente-1 Starting 
 Container stress0072-rc-servidor-1 Started 
 Container stress0072-rc-cliente-1 Started 
 Container stress0072-rc-router-1 Started 
 Image stress0073-asr-pasarela Building 
 Image stress0073-asr-servidor Building 
 Image stress0073-asr-cliente Building 
 Image stress0073-asr-servidor Built 
 Image stress0073-asr-cliente Built 
 Image stress0073-asr-pasarela Built 
 Network stress0073-asr_red-interna Creating 
 Network stress0073-asr_red-interna Created 
 Network stress0073-asr_red-externa Creating 
 Network stress0073-asr_red-externa Created 
 Container stress0073-asr-cliente-1 Creating 
 Container stress0073-asr-pasarela-1 Creating 
 Container stress0073-asr-servidor-1 Creating 
 Container stress0073-asr-servidor-1 Created 
 Container stress0073-asr-pasarela-1 Created 
 Container stress0073-asr-cliente-1 Created 
 Container stress0073-asr-cliente-1 Starting 
 Container stress0073-asr-servidor-1 Starting 
 Container stress0073-asr-pasarela-1 Starting 
 Container stress0073-asr-servidor-1 Started 
 Container stress0073-asr-cliente-1 Started 
 Container stress0073-asr-pasarela-1 Started 
 Network stress0074-rc_red-lan Creating 
 Network stress0074-rc_red-lan Created 
 Network stress0074-rc_red-wan Creating 
 Network stress0074-rc_red-wan Created 
 Container stress0074-rc-cliente-1 Creating 
 Container stress0074-rc-router-1 Creating 
 Container stress0074-rc-servidor-1 Creating 
 Container stress0074-rc-cliente-1 Created 
 Container stress0074-rc-router-1 Created 
 Container stress0074-rc-servidor-1 Created 
 Container stress0074-rc-servidor-1 Starting 
 Container stress0074-rc-cliente-1 Starting 
 Container stress0074-rc-router-1 Starting 
 Container stress0074-rc-servidor-1 Started 
 Container stress0074-rc-router-1 Started 
 Container stress0074-rc-cliente-1 Started 
 Image stress0075-asr-pasarela Building 
 Image stress0075-asr-servidor Building 
 Image stress0075-asr-cliente Building 
 Image stress0075-asr-pasarela Built 
 Image stress0075-asr-servidor Built 
 Image stress0075-asr-cliente Built 
 Network stress0075-asr_red-interna Creating 
 Network stress0075-asr_red-interna Created 
 Network stress0075-asr_red-externa Creating 
 Network stress0075-asr_red-externa Created 
 Container stress0075-asr-cliente-1 Creating 
 Container stress0075-asr-pasarela-1 Creating 
 Container stress0075-asr-servidor-1 Creating 
 Container stress0075-asr-cliente-1 Created 
 Container stress0075-asr-pasarela-1 Created 
 Container stress0075-asr-servidor-1 Created 
 Container stress0075-asr-cliente-1 Starting 
 Container stress0075-asr-pasarela-1 Starting 
 Container stress0075-asr-servidor-1 Starting 
 Container stress0075-asr-cliente-1 Started 
 Container stress0075-asr-servidor-1 Started 
 Container stress0075-asr-pasarela-1 Started 
 Network stress0076-rc_red-lan Creating 
 Network stress0076-rc_red-lan Created 
 Network stress0076-rc_red-wan Creating 
 Network stress0076-rc_red-wan Created 
 Container stress0076-rc-cliente-1 Creating 
 Container stress0076-rc-router-1 Creating 
 Container stress0076-rc-servidor-1 Creating 
 Container stress0076-rc-servidor-1 Created 
 Container stress0076-rc-router-1 Created 
 Container stress0076-rc-cliente-1 Created 
 Container stress0076-rc-cliente-1 Starting 
 Container stress0076-rc-router-1 Starting 
 Container stress0076-rc-servidor-1 Starting 
 Container stress0076-rc-cliente-1 Started 
 Container stress0076-rc-servidor-1 Started 
 Container stress0076-rc-router-1 Started 
 Image stress0077-asr-pasarela Building 
 Image stress0077-asr-servidor Building 
 Image stress0077-asr-cliente Building 
 Image stress0077-asr-pasarela Built 
 Image stress0077-asr-servidor Built 
 Image stress0077-asr-cliente Built 
 Network stress0077-asr_red-externa Creating 
 Network stress0077-asr_red-externa Created 
 Network stress0077-asr_red-interna Creating 
 Network stress0077-asr_red-interna Created 
 Container stress0077-asr-pasarela-1 Creating 
 Container stress0077-asr-cliente-1 Creating 
 Container stress0077-asr-servidor-1 Creating 
 Container stress0077-asr-cliente-1 Created 
 Container stress0077-asr-servidor-1 Created 
 Container stress0077-asr-pasarela-1 Created 
 Container stress0077-asr-servidor-1 Starting 
 Container stress0077-asr-cliente-1 Starting 
 Container stress0077-asr-pasarela-1 Starting 
 Container stress0077-asr-servidor-1 Started 
 Container stress0077-asr-cliente-1 Started 
 Container stress0077-asr-pasarela-1 Started 
 Network stress0078-rc_red-lan Creating 
 Network stress0078-rc_red-lan Created 
 Network stress0078-rc_red-wan Creating 
 Network stress0078-rc_red-wan Created 
 Container stress0078-rc-servidor-1 Creating 
 Container stress0078-rc-cliente-1 Creating 
 Container stress0078-rc-router-1 Creating 
 Container stress0078-rc-servidor-1 Created 
 Container stress0078-rc-cliente-1 Created 
 Container stress0078-rc-router-1 Created 
 Container stress0078-rc-servidor-1 Starting 
 Container stress0078-rc-cliente-1 Starting 
 Container stress0078-rc-router-1 Starting 
 Container stress0078-rc-servidor-1 Started 
 Container stress0078-rc-cliente-1 Started 
 Container stress0078-rc-router-1 Started 
 Image stress0079-asr-servidor Building 
 Image stress0079-asr-cliente Building 
 Image stress0079-asr-pasarela Building 
 Image stress0079-asr-cliente Built 
 Image stress0079-asr-pasarela Built 
 Image stress0079-asr-servidor Built 
 Network stress0079-asr_red-interna Creating 
 Network stress0079-asr_red-interna Created 
 Network stress0079-asr_red-externa Creating 
 Network stress0079-asr_red-externa Created 
 Container stress0079-asr-cliente-1 Creating 
 Container stress0079-asr-servidor-1 Creating 
 Container stress0079-asr-pasarela-1 Creating 
 Container stress0079-asr-cliente-1 Created 
 Container stress0079-asr-pasarela-1 Created 
 Container stress0079-asr-servidor-1 Created 
 Container stress0079-asr-cliente-1 Starting 
 Container stress0079-asr-pasarela-1 Starting 
 Container stress0079-asr-servidor-1 Starting 
 Container stress0079-asr-cliente-1 Started 
 Container stress0079-asr-servidor-1 Started 
 Container stress0079-asr-pasarela-1 Started 
 Network stress0080-rc_red-wan Creating 
 Network stress0080-rc_red-wan Created 
 Network stress0080-rc_red-lan Creating 
 Network stress0080-rc_red-lan Created 
 Container stress0080-rc-servidor-1 Creating 
 Container stress0080-rc-router-1 Creating 
 Container stress0080-rc-cliente-1 Creating 
 Container stress0080-rc-router-1 Created 
 Container stress0080-rc-cliente-1 Created 
 Container stress0080-rc-servidor-1 Created 
 Container stress0080-rc-servidor-1 Starting 
 Container stress0080-rc-cliente-1 Starting 
 Container stress0080-rc-router-1 Starting 
 Container stress0080-rc-servidor-1 Started 
 Container stress0080-rc-cliente-1 Started 
 Container stress0080-rc-router-1 Started 
 Image stress0081-asr-pasarela Building 
 Image stress0081-asr-servidor Building 
 Image stress0081-asr-cliente Building 
 Image stress0081-asr-cliente Built 
 Image stress0081-asr-pasarela Built 
 Image stress0081-asr-servidor Built 
 Network stress0081-asr_red-interna Creating 
 Network stress0081-asr_red-interna Created 
 Network stress0081-asr_red-externa Creating 
 Network stress0081-asr_red-externa Created 
 Container stress0081-asr-pasarela-1 Creating 
 Container stress0081-asr-cliente-1 Creating 
 Container stress0081-asr-servidor-1 Creating 
 Container stress0081-asr-pasarela-1 Created 
 Container stress0081-asr-cliente-1 Created 
 Container stress0081-asr-servidor-1 Created 
 Container stress0081-asr-pasarela-1 Starting 
 Container stress0081-asr-cliente-1 Starting 
 Container stress0081-asr-servidor-1 Starting 
 Container stress0081-asr-servidor-1 Started 
 Container stress0081-asr-cliente-1 Started 
 Container stress0081-asr-pasarela-1 Started 
 Network stress0082-rc_red-lan Creating 
 Network stress0082-rc_red-lan Created 
 Network stress0082-rc_red-wan Creating 
 Network stress0082-rc_red-wan Created 
 Container stress0082-rc-cliente-1 Creating 
 Container stress0082-rc-router-1 Creating 
 Container stress0082-rc-servidor-1 Creating 
 Container stress0082-rc-cliente-1 Created 
 Container stress0082-rc-servidor-1 Created 
 Container stress0082-rc-router-1 Created 
 Container stress0082-rc-servidor-1 Starting 
 Container stress0082-rc-cliente-1 Starting 
 Container stress0082-rc-router-1 Starting 
 Container stress0082-rc-servidor-1 Started 
 Container stress0082-rc-cliente-1 Started 
 Container stress0082-rc-router-1 Started 
 Image stress0083-asr-servidor Building 
 Image stress0083-asr-cliente Building 
 Image stress0083-asr-pasarela Building 
 Image stress0083-asr-cliente Built 
 Image stress0083-asr-pasarela Built 
 Image stress0083-asr-servidor Built 
 Network stress0083-asr_red-interna Creating 
 Network stress0083-asr_red-interna Created 
 Network stress0083-asr_red-externa Creating 
 Network stress0083-asr_red-externa Created 
 Container stress0083-asr-servidor-1 Creating 
 Container stress0083-asr-pasarela-1 Creating 
 Container stress0083-asr-cliente-1 Creating 
 Container stress0083-asr-servidor-1 Created 
 Container stress0083-asr-cliente-1 Created 
 Container stress0083-asr-pasarela-1 Created 
 Container stress0083-asr-cliente-1 Starting 
 Container stress0083-asr-pasarela-1 Starting 
 Container stress0083-asr-servidor-1 Starting 
 Container stress0083-asr-servidor-1 Started 
 Container stress0083-asr-cliente-1 Started 
 Container stress0083-asr-pasarela-1 Started 
 Network stress0084-rc_red-lan Creating 
 Network stress0084-rc_red-lan Created 
 Network stress0084-rc_red-wan Creating 
 Network stress0084-rc_red-wan Created 
 Container stress0084-rc-router-1 Creating 
 Container stress0084-rc-cliente-1 Creating 
 Container stress0084-rc-servidor-1 Creating 
 Container stress0084-rc-cliente-1 Created 
 Container stress0084-rc-router-1 Created 
 Container stress0084-rc-servidor-1 Created 
 Container stress0084-rc-cliente-1 Starting 
 Container stress0084-rc-router-1 Starting 
 Container stress0084-rc-servidor-1 Starting 
 Container stress0084-rc-servidor-1 Started 
 Container stress0084-rc-cliente-1 Started 
 Container stress0084-rc-router-1 Started 
 Image stress0085-asr-servidor Building 
 Image stress0085-asr-cliente Building 
 Image stress0085-asr-pasarela Building 
 Image stress0085-asr-servidor Built 
 Image stress0085-asr-cliente Built 
 Image stress0085-asr-pasarela Built 
 Network stress0085-asr_red-interna Creating 
 Network stress0085-asr_red-interna Created 
 Network stress0085-asr_red-externa Creating 
 Network stress0085-asr_red-externa Created 
 Container stress0085-asr-servidor-1 Creating 
 Container stress0085-asr-pasarela-1 Creating 
 Container stress0085-asr-cliente-1 Creating 
 Container stress0085-asr-pasarela-1 Created 
 Container stress0085-asr-servidor-1 Created 
 Container stress0085-asr-cliente-1 Created 
 Container stress0085-asr-pasarela-1 Starting 
 Container stress0085-asr-servidor-1 Starting 
 Container stress0085-asr-cliente-1 Starting 
 Container stress0085-asr-cliente-1 Started 
 Container stress0085-asr-servidor-1 Started 
 Container stress0085-asr-pasarela-1 Started 
 Network stress0086-rc_red-lan Creating 
 Network stress0086-rc_red-lan Created 
 Network stress0086-rc_red-wan Creating 
 Network stress0086-rc_red-wan Created 
 Container stress0086-rc-cliente-1 Creating 
 Container stress0086-rc-router-1 Creating 
 Container stress0086-rc-servidor-1 Creating 
 Container stress0086-rc-servidor-1 Created 
 Container stress0086-rc-router-1 Created 
 Container stress0086-rc-cliente-1 Created 
 Container stress0086-rc-servidor-1 Starting 
 Container stress0086-rc-cliente-1 Starting 
 Container stress0086-rc-router-1 Starting 
 Container stress0086-rc-servidor-1 Started 
 Container stress0086-rc-cliente-1 Started 
 Container stress0086-rc-router-1 Started 
 Image stress0087-asr-pasarela Building 
 Image stress0087-asr-servidor Building 
 Image stress0087-asr-cliente Building 
 Image stress0087-asr-servidor Built 
 Image stress0087-asr-cliente Built 
 Image stress0087-asr-pasarela Built 
 Network stress0087-asr_red-interna Creating 
 Network stress0087-asr_red-interna Created 
 Network stress0087-asr_red-externa Creating 
 Network stress0087-asr_red-externa Created 
 Container stress0087-asr-pasarela-1 Creating 
 Container stress0087-asr-servidor-1 Creating 
 Container stress0087-asr-cliente-1 Creating 
 Container stress0087-asr-cliente-1 Created 
 Container stress0087-asr-servidor-1 Created 
 Container stress0087-asr-pasarela-1 Created 
 Container stress0087-asr-servidor-1 Starting 
 Container stress0087-asr-cliente-1 Starting 
 Container stress0087-asr-pasarela-1 Starting 
 Container stress0087-asr-cliente-1 Started 
 Container stress0087-asr-servidor-1 Started 
 Container stress0087-asr-pasarela-1 Started 
 Network stress0088-rc_red-wan Creating 
 Network stress0088-rc_red-wan Created 
 Network stress0088-rc_red-lan Creating 
 Network stress0088-rc_red-lan Created 
 Container stress0088-rc-cliente-1 Creating 
 Container stress0088-rc-router-1 Creating 
 Container stress0088-rc-servidor-1 Creating 
 Container stress0088-rc-cliente-1 Created 
 Container stress0088-rc-router-1 Created 
 Container stress0088-rc-servidor-1 Created 
 Container stress0088-rc-servidor-1 Starting 
 Container stress0088-rc-router-1 Starting 
 Container stress0088-rc-cliente-1 Starting 
 Container stress0088-rc-servidor-1 Started 
 Container stress0088-rc-cliente-1 Started 
 Container stress0088-rc-router-1 Started 
 Image stress0089-asr-pasarela Building 
 Image stress0089-asr-servidor Building 
 Image stress0089-asr-cliente Building 
 Image stress0089-asr-cliente Built 
 Image stress0089-asr-pasarela Built 
 Image stress0089-asr-servidor Built 
 Network stress0089-asr_red-interna Creating 
 Network stress0089-asr_red-interna Created 
 Network stress0089-asr_red-externa Creating 
 Network stress0089-asr_red-externa Created 
 Container stress0089-asr-pasarela-1 Creating 
 Container stress0089-asr-servidor-1 Creating 
 Container stress0089-asr-cliente-1 Creating 
 Container stress0089-asr-pasarela-1 Created 
 Container stress0089-asr-cliente-1 Created 
 Container stress0089-asr-servidor-1 Created 
 Container stress0089-asr-pasarela-1 Starting 
 Container stress0089-asr-servidor-1 Starting 
 Container stress0089-asr-cliente-1 Starting 
 Container stress0089-asr-cliente-1 Started 
 Container stress0089-asr-servidor-1 Started 
 Container stress0089-asr-pasarela-1 Started 
 Network stress0090-rc_red-wan Creating 
 Network stress0090-rc_red-wan Created 
 Network stress0090-rc_red-lan Creating 
 Network stress0090-rc_red-lan Created 
 Container stress0090-rc-servidor-1 Creating 
 Container stress0090-rc-cliente-1 Creating 
 Container stress0090-rc-router-1 Creating 
 Container stress0090-rc-servidor-1 Created 
 Container stress0090-rc-cliente-1 Created 
 Container stress0090-rc-router-1 Created 
 Container stress0090-rc-servidor-1 Starting 
 Container stress0090-rc-cliente-1 Starting 
 Container stress0090-rc-router-1 Starting 
 Container stress0090-rc-cliente-1 Started 
 Container stress0090-rc-servidor-1 Started 
 Container stress0090-rc-router-1 Started 
 Image stress0091-asr-pasarela Building 
 Image stress0091-asr-servidor Building 
 Image stress0091-asr-cliente Building 
 Image stress0091-asr-cliente Built 
 Image stress0091-asr-pasarela Built 
 Image stress0091-asr-servidor Built 
 Network stress0091-asr_red-interna Creating 
 Network stress0091-asr_red-interna Created 
 Network stress0091-asr_red-externa Creating 
 Network stress0091-asr_red-externa Created 
 Container stress0091-asr-cliente-1 Creating 
 Container stress0091-asr-pasarela-1 Creating 
 Container stress0091-asr-servidor-1 Creating 
 Container stress0091-asr-servidor-1 Created 
 Container stress0091-asr-cliente-1 Created 
 Container stress0091-asr-pasarela-1 Created 
 Container stress0091-asr-cliente-1 Starting 
 Container stress0091-asr-pasarela-1 Starting 
 Container stress0091-asr-servidor-1 Starting 
 Container stress0091-asr-cliente-1 Started 
 Container stress0091-asr-servidor-1 Started 
 Container stress0091-asr-pasarela-1 Started 
 Network stress0092-rc_red-wan Creating 
 Network stress0092-rc_red-wan Created 
 Network stress0092-rc_red-lan Creating 
 Network stress0092-rc_red-lan Created 
 Container stress0092-rc-router-1 Creating 
 Container stress0092-rc-servidor-1 Creating 
 Container stress0092-rc-cliente-1 Creating 
 Container stress0092-rc-router-1 Created 
 Container stress0092-rc-servidor-1 Created 
 Container stress0092-rc-cliente-1 Created 
 Container stress0092-rc-router-1 Starting 
 Container stress0092-rc-servidor-1 Starting 
 Container stress0092-rc-cliente-1 Starting 
 Container stress0092-rc-servidor-1 Started 
 Container stress0092-rc-cliente-1 Started 
 Container stress0092-rc-router-1 Started 
 Image stress0093-asr-servidor Building 
 Image stress0093-asr-cliente Building 
 Image stress0093-asr-pasarela Building 
 Image stress0093-asr-cliente Built 
 Image stress0093-asr-pasarela Built 
 Image stress0093-asr-servidor Built 
 Network stress0093-asr_red-externa Creating 
 Network stress0093-asr_red-externa Created 
 Network stress0093-asr_red-interna Creating 
 Network stress0093-asr_red-interna Created 
 Container stress0093-asr-cliente-1 Creating 
 Container stress0093-asr-pasarela-1 Creating 
 Container stress0093-asr-servidor-1 Creating 
 Container stress0093-asr-servidor-1 Created 
 Container stress0093-asr-cliente-1 Created 
 Container stress0093-asr-pasarela-1 Created 
 Container stress0093-asr-pasarela-1 Starting 
 Container stress0093-asr-cliente-1 Starting 
 Container stress0093-asr-servidor-1 Starting 
 Container stress0093-asr-cliente-1 Started 
 Container stress0093-asr-servidor-1 Started 
 Container stress0093-asr-pasarela-1 Started 
 Network stress0094-rc_red-wan Creating 
 Network stress0094-rc_red-wan Created 
 Network stress0094-rc_red-lan Creating 
 Network stress0094-rc_red-lan Created 
 Container stress0094-rc-cliente-1 Creating 
 Container stress0094-rc-router-1 Creating 
 Container stress0094-rc-servidor-1 Creating 
 Container stress0094-rc-router-1 Created 
 Container stress0094-rc-cliente-1 Created 
 Container stress0094-rc-servidor-1 Created 
 Container stress0094-rc-router-1 Starting 
 Container stress0094-rc-servidor-1 Starting 
 Container stress0094-rc-cliente-1 Starting 
 Container stress0094-rc-servidor-1 Started 
 Container stress0094-rc-cliente-1 Started 
 Container stress0094-rc-router-1 Started 
 Image stress0095-asr-cliente Building 
 Image stress0095-asr-pasarela Building 
 Image stress0095-asr-servidor Building 
 Image stress0095-asr-cliente Built 
 Image stress0095-asr-pasarela Built 
 Image stress0095-asr-servidor Built 
 Network stress0095-asr_red-interna Creating 
 Network stress0095-asr_red-interna Created 
 Network stress0095-asr_red-externa Creating 
 Network stress0095-asr_red-externa Created 
 Container stress0095-asr-cliente-1 Creating 
 Container stress0095-asr-pasarela-1 Creating 
 Container stress0095-asr-servidor-1 Creating 
 Container stress0095-asr-cliente-1 Created 
 Container stress0095-asr-servidor-1 Created 
 Container stress0095-asr-pasarela-1 Created 
 Container stress0095-asr-pasarela-1 Starting 
 Container stress0095-asr-servidor-1 Starting 
 Container stress0095-asr-cliente-1 Starting 
 Container stress0095-asr-cliente-1 Started 
 Container stress0095-asr-servidor-1 Started 
 Container stress0095-asr-pasarela-1 Started 
 Network stress0096-rc_red-lan Creating 
 Network stress0096-rc_red-lan Created 
 Network stress0096-rc_red-wan Creating 
 Network stress0096-rc_red-wan Created 
 Container stress0096-rc-router-1 Creating 
 Container stress0096-rc-servidor-1 Creating 
 Container stress0096-rc-cliente-1 Creating 
 Container stress0096-rc-router-1 Created 
 Container stress0096-rc-servidor-1 Created 
 Container stress0096-rc-cliente-1 Created 
 Container stress0096-rc-router-1 Starting 
 Container stress0096-rc-servidor-1 Starting 
 Container stress0096-rc-cliente-1 Starting 
 Container stress0096-rc-servidor-1 Started 
 Container stress0096-rc-cliente-1 Started 
 Container stress0096-rc-router-1 Started 
 Image stress0097-asr-servidor Building 
 Image stress0097-asr-cliente Building 
 Image stress0097-asr-pasarela Building 
 Image stress0097-asr-servidor Built 
 Image stress0097-asr-cliente Built 
 Image stress0097-asr-pasarela Built 
 Network stress0097-asr_red-interna Creating 
 Network stress0097-asr_red-interna Created 
 Network stress0097-asr_red-externa Creating 
 Network stress0097-asr_red-externa Created 
 Container stress0097-asr-pasarela-1 Creating 
 Container stress0097-asr-servidor-1 Creating 
 Container stress0097-asr-cliente-1 Creating 
 Container stress0097-asr-cliente-1 Created 
 Container stress0097-asr-servidor-1 Created 
 Container stress0097-asr-pasarela-1 Created 
 Container stress0097-asr-servidor-1 Starting 
 Container stress0097-asr-cliente-1 Starting 
 Container stress0097-asr-pasarela-1 Starting 
 Container stress0097-asr-cliente-1 Started 
 Container stress0097-asr-servidor-1 Started 
 Container stress0097-asr-pasarela-1 Started 
 Network stress0098-rc_red-wan Creating 
 Network stress0098-rc_red-wan Created 
 Network stress0098-rc_red-lan Creating 
 Network stress0098-rc_red-lan Created 
 Container stress0098-rc-servidor-1 Creating 
 Container stress0098-rc-router-1 Creating 
 Container stress0098-rc-cliente-1 Creating 
 Container stress0098-rc-servidor-1 Created 
 Container stress0098-rc-router-1 Created 
 Container stress0098-rc-cliente-1 Created 
 Container stress0098-rc-cliente-1 Starting 
 Container stress0098-rc-router-1 Starting 
 Container stress0098-rc-servidor-1 Starting 
 Container stress0098-rc-servidor-1 Started 
 Container stress0098-rc-cliente-1 Started 
 Container stress0098-rc-router-1 Started 
 Image stress0099-asr-cliente Building 
 Image stress0099-asr-pasarela Building 
 Image stress0099-asr-servidor Building 
 Image stress0099-asr-servidor Built 
 Image stress0099-asr-cliente Built 
 Image stress0099-asr-pasarela Built 
 Network stress0099-asr_red-interna Creating 
 Network stress0099-asr_red-interna Created 
 Network stress0099-asr_red-externa Creating 
 Network stress0099-asr_red-externa Created 
 Container stress0099-asr-pasarela-1 Creating 
 Container stress0099-asr-servidor-1 Creating 
 Container stress0099-asr-cliente-1 Creating 
 Container stress0099-asr-pasarela-1 Created 
 Container stress0099-asr-servidor-1 Created 
 Container stress0099-asr-cliente-1 Created 
 Container stress0099-asr-pasarela-1 Starting 
 Container stress0099-asr-servidor-1 Starting 
 Container stress0099-asr-cliente-1 Starting 
 Container stress0099-asr-cliente-1 Started 
 Container stress0099-asr-servidor-1 Started 
 Container stress0099-asr-pasarela-1 Started 
 Network stress0100-rc_red-wan Creating 
 Network stress0100-rc_red-wan Created 
 Network stress0100-rc_red-lan Creating 
 Network stress0100-rc_red-lan Created 
 Container stress0100-rc-servidor-1 Creating 
 Container stress0100-rc-router-1 Creating 
 Container stress0100-rc-cliente-1 Creating 
 Container stress0100-rc-cliente-1 Created 
 Container stress0100-rc-servidor-1 Created 
 Container stress0100-rc-router-1 Created 
 Container stress0100-rc-router-1 Starting 
 Container stress0100-rc-servidor-1 Starting 
 Container stress0100-rc-cliente-1 Starting 
 Container stress0100-rc-servidor-1 Started 
 Container stress0100-rc-cliente-1 Started 
 Container stress0100-rc-router-1 Started 
 Image stress0101-asr-cliente Building 
 Image stress0101-asr-pasarela Building 
 Image stress0101-asr-servidor Building 
 Image stress0101-asr-pasarela Built 
 Image stress0101-asr-servidor Built 
 Image stress0101-asr-cliente Built 
 Network stress0101-asr_red-externa Creating 
 Network stress0101-asr_red-externa Created 
 Network stress0101-asr_red-interna Creating 
 Network stress0101-asr_red-interna Created 
 Container stress0101-asr-pasarela-1 Creating 
 Container stress0101-asr-cliente-1 Creating 
 Container stress0101-asr-servidor-1 Creating 
 Container stress0101-asr-pasarela-1 Created 
 Container stress0101-asr-cliente-1 Created 
 Container stress0101-asr-servidor-1 Created 
 Container stress0101-asr-cliente-1 Starting 
 Container stress0101-asr-pasarela-1 Starting 
 Container stress0101-asr-servidor-1 Starting 
 Container stress0101-asr-cliente-1 Started 
 Container stress0101-asr-servidor-1 Started 
 Container stress0101-asr-pasarela-1 Started 
 Network stress0102-rc_red-wan Creating 
 Network stress0102-rc_red-wan Created 
 Network stress0102-rc_red-lan Creating 
 Network stress0102-rc_red-lan Created 
 Container stress0102-rc-router-1 Creating 
 Container stress0102-rc-servidor-1 Creating 
 Container stress0102-rc-cliente-1 Creating 
 Container stress0102-rc-router-1 Created 
 Container stress0102-rc-cliente-1 Created 
 Container stress0102-rc-servidor-1 Created 
 Container stress0102-rc-router-1 Starting 
 Container stress0102-rc-servidor-1 Starting 
 Container stress0102-rc-cliente-1 Starting 
 Container stress0102-rc-servidor-1 Started 
 Container stress0102-rc-cliente-1 Started 
 Container stress0102-rc-router-1 Started 
 Image stress0103-asr-servidor Building 
 Image stress0103-asr-cliente Building 
 Image stress0103-asr-pasarela Building 
 Image stress0103-asr-servidor Built 
 Image stress0103-asr-cliente Built 
 Image stress0103-asr-pasarela Built 
 Network stress0103-asr_red-interna Creating 
 Network stress0103-asr_red-interna Created 
 Network stress0103-asr_red-externa Creating 
 Network stress0103-asr_red-externa Created 
 Container stress0103-asr-pasarela-1 Creating 
 Container stress0103-asr-servidor-1 Creating 
 Container stress0103-asr-cliente-1 Creating 
 Container stress0103-asr-cliente-1 Created 
 Container stress0103-asr-servidor-1 Created 
 Container stress0103-asr-pasarela-1 Created 
 Container stress0103-asr-pasarela-1 Starting 
 Container stress0103-asr-servidor-1 Starting 
 Container stress0103-asr-cliente-1 Starting 
 Container stress0103-asr-cliente-1 Started 
 Container stress0103-asr-servidor-1 Started 
 Container stress0103-asr-pasarela-1 Started 
 Network stress0104-rc_red-wan Creating 
 Network stress0104-rc_red-wan Created 
 Network stress0104-rc_red-lan Creating 
 Network stress0104-rc_red-lan Created 
 Container stress0104-rc-router-1 Creating 
 Container stress0104-rc-servidor-1 Creating 
 Container stress0104-rc-cliente-1 Creating 
 Container stress0104-rc-router-1 Created 
 Container stress0104-rc-cliente-1 Created 
 Container stress0104-rc-servidor-1 Created 
 Container stress0104-rc-servidor-1 Starting 
 Container stress0104-rc-cliente-1 Starting 
 Container stress0104-rc-router-1 Starting 
 Container stress0104-rc-servidor-1 Started 
 Container stress0104-rc-cliente-1 Started 
 Container stress0104-rc-router-1 Started 
 Image stress0105-asr-servidor Building 
 Image stress0105-asr-cliente Building 
 Image stress0105-asr-pasarela Building 
 Image stress0105-asr-cliente Built 
 Image stress0105-asr-pasarela Built 
 Image stress0105-asr-servidor Built 
 Network stress0105-asr_red-interna Creating 
 Network stress0105-asr_red-interna Created 
 Network stress0105-asr_red-externa Creating 
 Network stress0105-asr_red-externa Created 
 Container stress0105-asr-servidor-1 Creating 
 Container stress0105-asr-cliente-1 Creating 
 Container stress0105-asr-pasarela-1 Creating 
 Container stress0105-asr-pasarela-1 Created 
 Container stress0105-asr-servidor-1 Created 
 Container stress0105-asr-cliente-1 Created 
 Container stress0105-asr-servidor-1 Starting 
 Container stress0105-asr-cliente-1 Starting 
 Container stress0105-asr-pasarela-1 Starting 
 Container stress0105-asr-cliente-1 Started 
 Container stress0105-asr-servidor-1 Started 
 Container stress0105-asr-pasarela-1 Started 
 Network stress0106-rc_red-lan Creating 
 Network stress0106-rc_red-lan Created 
 Network stress0106-rc_red-wan Creating 
 Network stress0106-rc_red-wan Created 
 Container stress0106-rc-servidor-1 Creating 
 Container stress0106-rc-router-1 Creating 
 Container stress0106-rc-cliente-1 Creating 
 Container stress0106-rc-cliente-1 Created 
 Container stress0106-rc-servidor-1 Created 
 Container stress0106-rc-router-1 Created 
 Container stress0106-rc-router-1 Starting 
 Container stress0106-rc-servidor-1 Starting 
 Container stress0106-rc-cliente-1 Starting 
 Container stress0106-rc-cliente-1 Started 
 Container stress0106-rc-servidor-1 Started 
 Container stress0106-rc-router-1 Started 
 Image stress0107-asr-servidor Building 
 Image stress0107-asr-cliente Building 
 Image stress0107-asr-pasarela Building 
 Image stress0107-asr-pasarela Built 
 Image stress0107-asr-servidor Built 
 Image stress0107-asr-cliente Built 
 Network stress0107-asr_red-externa Creating 
 Network stress0107-asr_red-externa Created 
 Network stress0107-asr_red-interna Creating 
 Network stress0107-asr_red-interna Created 
 Container stress0107-asr-cliente-1 Creating 
 Container stress0107-asr-servidor-1 Creating 
 Container stress0107-asr-pasarela-1 Creating 
 Container stress0107-asr-pasarela-1 Created 
 Container stress0107-asr-cliente-1 Created 
 Container stress0107-asr-servidor-1 Created 
 Container stress0107-asr-servidor-1 Starting 
 Container stress0107-asr-cliente-1 Starting 
 Container stress0107-asr-pasarela-1 Starting 
 Container stress0107-asr-servidor-1 Started 
 Container stress0107-asr-cliente-1 Started 
 Container stress0107-asr-pasarela-1 Started 
 Network stress0108-rc_red-wan Creating 
 Network stress0108-rc_red-wan Created 
 Network stress0108-rc_red-lan Creating 
 Network stress0108-rc_red-lan Created 
 Container stress0108-rc-cliente-1 Creating 
 Container stress0108-rc-router-1 Creating 
 Container stress0108-rc-servidor-1 Creating 
 Container stress0108-rc-cliente-1 Created 
 Container stress0108-rc-servidor-1 Created 
 Container stress0108-rc-router-1 Created 
 Container stress0108-rc-servidor-1 Starting 
 Container stress0108-rc-cliente-1 Starting 
 Container stress0108-rc-router-1 Starting 
 Container stress0108-rc-cliente-1 Started 
 Container stress0108-rc-servidor-1 Started 
 Container stress0108-rc-router-1 Started 
 Image stress0109-asr-pasarela Building 
 Image stress0109-asr-servidor Building 
 Image stress0109-asr-cliente Building 
 Image stress0109-asr-cliente Built 
 Image stress0109-asr-pasarela Built 
 Image stress0109-asr-servidor Built 
 Network stress0109-asr_red-interna Creating 
 Network stress0109-asr_red-interna Created 
 Network stress0109-asr_red-externa Creating 
 Network stress0109-asr_red-externa Created 
 Container stress0109-asr-servidor-1 Creating 
 Container stress0109-asr-cliente-1 Creating 
 Container stress0109-asr-pasarela-1 Creating 
 Container stress0109-asr-cliente-1 Created 
 Container stress0109-asr-pasarela-1 Created 
 Container stress0109-asr-servidor-1 Created 
 Container stress0109-asr-cliente-1 Starting 
 Container stress0109-asr-pasarela-1 Starting 
 Container stress0109-asr-servidor-1 Starting 
 Container stress0109-asr-servidor-1 Started 
 Container stress0109-asr-cliente-1 Started 
 Container stress0109-asr-pasarela-1 Started 
 Network stress0110-rc_red-wan Creating 
 Network stress0110-rc_red-wan Created 
 Network stress0110-rc_red-lan Creating 
 Network stress0110-rc_red-lan Created 
 Container stress0110-rc-router-1 Creating 
 Container stress0110-rc-servidor-1 Creating 
 Container stress0110-rc-cliente-1 Creating 
 Container stress0110-rc-cliente-1 Created 
 Container stress0110-rc-servidor-1 Created 
 Container stress0110-rc-router-1 Created 
 Container stress0110-rc-router-1 Starting 
 Container stress0110-rc-servidor-1 Starting 
 Container stress0110-rc-cliente-1 Starting 
 Container stress0110-rc-cliente-1 Started 
 Container stress0110-rc-servidor-1 Started 
 Container stress0110-rc-router-1 Started 
 Image stress0111-asr-servidor Building 
 Image stress0111-asr-cliente Building 
 Image stress0111-asr-pasarela Building 
 Image stress0111-asr-servidor Built 
 Image stress0111-asr-cliente Built 
 Image stress0111-asr-pasarela Built 
 Network stress0111-asr_red-externa Creating 
 Network stress0111-asr_red-externa Created 
 Network stress0111-asr_red-interna Creating 
 Network stress0111-asr_red-interna Created 
 Container stress0111-asr-pasarela-1 Creating 
 Container stress0111-asr-servidor-1 Creating 
 Container stress0111-asr-cliente-1 Creating 
 Container stress0111-asr-cliente-1 Created 
 Container stress0111-asr-servidor-1 Created 
 Container stress0111-asr-pasarela-1 Created 
 Container stress0111-asr-servidor-1 Starting 
 Container stress0111-asr-cliente-1 Starting 
 Container stress0111-asr-pasarela-1 Starting 
 Container stress0111-asr-cliente-1 Started 
 Container stress0111-asr-servidor-1 Started 
 Container stress0111-asr-pasarela-1 Started 
 Network stress0112-rc_red-lan Creating 
 Network stress0112-rc_red-lan Created 
 Network stress0112-rc_red-wan Creating 
 Network stress0112-rc_red-wan Created 
 Container stress0112-rc-router-1 Creating 
 Container stress0112-rc-cliente-1 Creating 
 Container stress0112-rc-servidor-1 Creating 
 Container stress0112-rc-router-1 Created 
 Container stress0112-rc-cliente-1 Created 
 Container stress0112-rc-servidor-1 Created 
 Container stress0112-rc-servidor-1 Starting 
 Container stress0112-rc-cliente-1 Starting 
 Container stress0112-rc-router-1 Starting 
 Container stress0112-rc-cliente-1 Started 
 Container stress0112-rc-servidor-1 Started 
 Container stress0112-rc-router-1 Started 
 Image stress0113-asr-pasarela Building 
 Image stress0113-asr-servidor Building 
 Image stress0113-asr-cliente Building 
 Image stress0113-asr-cliente Built 
 Image stress0113-asr-pasarela Built 
 Image stress0113-asr-servidor Built 
 Network stress0113-asr_red-interna Creating 
 Network stress0113-asr_red-interna Created 
 Network stress0113-asr_red-externa Creating 
 Network stress0113-asr_red-externa Created 
 Container stress0113-asr-pasarela-1 Creating 
 Container stress0113-asr-cliente-1 Creating 
 Container stress0113-asr-servidor-1 Creating 
 Container stress0113-asr-cliente-1 Created 
 Container stress0113-asr-servidor-1 Created 
 Container stress0113-asr-pasarela-1 Created 
 Container stress0113-asr-servidor-1 Starting 
 Container stress0113-asr-pasarela-1 Starting 
 Container stress0113-asr-cliente-1 Starting 
 Container stress0113-asr-cliente-1 Started 
 Container stress0113-asr-servidor-1 Started 
 Container stress0113-asr-pasarela-1 Started 
 Network stress0114-rc_red-wan Creating 
 Network stress0114-rc_red-wan Created 
 Network stress0114-rc_red-lan Creating 
 Network stress0114-rc_red-lan Created 
 Container stress0114-rc-router-1 Creating 
 Container stress0114-rc-cliente-1 Creating 
 Container stress0114-rc-servidor-1 Creating 
 Container stress0114-rc-router-1 Created 
 Container stress0114-rc-cliente-1 Created 
 Container stress0114-rc-servidor-1 Created 
 Container stress0114-rc-cliente-1 Starting 
 Container stress0114-rc-router-1 Starting 
 Container stress0114-rc-servidor-1 Starting 
 Container stress0114-rc-servidor-1 Started 
 Container stress0114-rc-cliente-1 Started 
 Container stress0114-rc-router-1 Started 
 Image stress0115-asr-pasarela Building 
 Image stress0115-asr-servidor Building 
 Image stress0115-asr-cliente Building 
 Image stress0115-asr-cliente Built 
 Image stress0115-asr-pasarela Built 
 Image stress0115-asr-servidor Built 
 Network stress0115-asr_red-externa Creating 
 Network stress0115-asr_red-externa Created 
 Network stress0115-asr_red-interna Creating 
 Network stress0115-asr_red-interna Created 
 Container stress0115-asr-pasarela-1 Creating 
 Container stress0115-asr-cliente-1 Creating 
 Container stress0115-asr-servidor-1 Creating 
 Container stress0115-asr-cliente-1 Created 
 Container stress0115-asr-pasarela-1 Created 
 Container stress0115-asr-servidor-1 Created 
 Container stress0115-asr-pasarela-1 Starting 
 Container stress0115-asr-cliente-1 Starting 
 Container stress0115-asr-servidor-1 Starting 
 Container stress0115-asr-cliente-1 Started 
 Container stress0115-asr-servidor-1 Started 
 Container stress0115-asr-pasarela-1 Started 
 Network stress0116-rc_red-wan Creating 
 Network stress0116-rc_red-wan Created 
 Network stress0116-rc_red-lan Creating 
 Network stress0116-rc_red-lan Created 
 Container stress0116-rc-cliente-1 Creating 
 Container stress0116-rc-router-1 Creating 
 Container stress0116-rc-servidor-1 Creating 
 Container stress0116-rc-cliente-1 Created 
 Container stress0116-rc-router-1 Created 
 Container stress0116-rc-servidor-1 Created 
 Container stress0116-rc-cliente-1 Starting 
 Container stress0116-rc-router-1 Starting 
 Container stress0116-rc-servidor-1 Starting 
 Container stress0116-rc-servidor-1 Started 
 Container stress0116-rc-cliente-1 Started 
 Container stress0116-rc-router-1 Started 
 Image stress0117-asr-servidor Building 
 Image stress0117-asr-cliente Building 
 Image stress0117-asr-pasarela Building 
 Image stress0117-asr-cliente Built 
 Image stress0117-asr-pasarela Built 
 Image stress0117-asr-servidor Built 
 Network stress0117-asr_red-interna Creating 
 Network stress0117-asr_red-interna Created 
 Network stress0117-asr_red-externa Creating 
 Network stress0117-asr_red-externa Created 
 Container stress0117-asr-cliente-1 Creating 
 Container stress0117-asr-servidor-1 Creating 
 Container stress0117-asr-pasarela-1 Creating 
 Container stress0117-asr-servidor-1 Created 
 Container stress0117-asr-cliente-1 Created 
 Container stress0117-asr-pasarela-1 Created 
 Container stress0117-asr-cliente-1 Starting 
 Container stress0117-asr-pasarela-1 Starting 
 Container stress0117-asr-servidor-1 Starting 
 Container stress0117-asr-cliente-1 Started 
 Container stress0117-asr-servidor-1 Started 
 Container stress0117-asr-pasarela-1 Started 
 Network stress0118-rc_red-wan Creating 
 Network stress0118-rc_red-wan Created 
 Network stress0118-rc_red-lan Creating 
 Network stress0118-rc_red-lan Created 
 Container stress0118-rc-servidor-1 Creating 
 Container stress0118-rc-router-1 Creating 
 Container stress0118-rc-cliente-1 Creating 
 Container stress0118-rc-servidor-1 Created 
 Container stress0118-rc-router-1 Created 
 Container stress0118-rc-cliente-1 Created 
 Container stress0118-rc-servidor-1 Starting 
 Container stress0118-rc-cliente-1 Starting 
 Container stress0118-rc-router-1 Starting 
 Container stress0118-rc-servidor-1 Started 
 Container stress0118-rc-cliente-1 Started 
 Container stress0118-rc-router-1 Started 
 Image stress0119-asr-pasarela Building 
 Image stress0119-asr-servidor Building 
 Image stress0119-asr-cliente Building 
 Image stress0119-asr-cliente Built 
 Image stress0119-asr-pasarela Built 
 Image stress0119-asr-servidor Built 
 Network stress0119-asr_red-interna Creating 
 Network stress0119-asr_red-interna Created 
 Network stress0119-asr_red-externa Creating 
 Network stress0119-asr_red-externa Created 
 Container stress0119-asr-servidor-1 Creating 
 Container stress0119-asr-cliente-1 Creating 
 Container stress0119-asr-pasarela-1 Creating 
 Container stress0119-asr-cliente-1 Created 
 Container stress0119-asr-servidor-1 Created 
 Container stress0119-asr-pasarela-1 Created 
 Container stress0119-asr-pasarela-1 Starting 
 Container stress0119-asr-servidor-1 Starting 
 Container stress0119-asr-cliente-1 Starting 
 Container stress0119-asr-cliente-1 Started 
 Container stress0119-asr-servidor-1 Started 
 Container stress0119-asr-pasarela-1 Started 
 Network stress0120-rc_red-wan Creating 
 Network stress0120-rc_red-wan Created 
 Network stress0120-rc_red-lan Creating 
 Network stress0120-rc_red-lan Created 
 Container stress0120-rc-servidor-1 Creating 
 Container stress0120-rc-router-1 Creating 
 Container stress0120-rc-cliente-1 Creating 
 Container stress0120-rc-router-1 Created 
 Container stress0120-rc-servidor-1 Created 
 Container stress0120-rc-cliente-1 Created 
 Container stress0120-rc-router-1 Starting 
 Container stress0120-rc-servidor-1 Starting 
 Container stress0120-rc-cliente-1 Starting 
 Container stress0120-rc-servidor-1 Started 
 Container stress0120-rc-cliente-1 Started 
 Container stress0120-rc-router-1 Started 
 Image stress0121-asr-cliente Building 
 Image stress0121-asr-pasarela Building 
 Image stress0121-asr-servidor Building 
 Image stress0121-asr-servidor Built 
 Image stress0121-asr-cliente Built 
 Image stress0121-asr-pasarela Built 
 Network stress0121-asr_red-interna Creating 
 Network stress0121-asr_red-interna Created 
 Network stress0121-asr_red-externa Creating 
 Network stress0121-asr_red-externa Created 
 Container stress0121-asr-pasarela-1 Creating 
 Container stress0121-asr-servidor-1 Creating 
 Container stress0121-asr-cliente-1 Creating 
 Container stress0121-asr-cliente-1 Created 
 Container stress0121-asr-servidor-1 Created 
 Container stress0121-asr-pasarela-1 Created 
 Container stress0121-asr-servidor-1 Starting 
 Container stress0121-asr-cliente-1 Starting 
 Container stress0121-asr-pasarela-1 Starting 
 Container stress0121-asr-servidor-1 Started 
 Container stress0121-asr-cliente-1 Started 
 Container stress0121-asr-pasarela-1 Started 
 Network stress0122-rc_red-lan Creating 
 Network stress0122-rc_red-lan Created 
 Network stress0122-rc_red-wan Creating 
 Network stress0122-rc_red-wan Created 
 Container stress0122-rc-servidor-1 Creating 
 Container stress0122-rc-router-1 Creating 
 Container stress0122-rc-cliente-1 Creating 
 Container stress0122-rc-servidor-1 Created 
 Container stress0122-rc-router-1 Created 
 Container stress0122-rc-cliente-1 Created 
 Container stress0122-rc-servidor-1 Starting 
 Container stress0122-rc-cliente-1 Starting 
 Container stress0122-rc-router-1 Starting 
 Container stress0122-rc-cliente-1 Started 
 Container stress0122-rc-servidor-1 Started 
 Container stress0122-rc-router-1 Started 
 Image stress0123-asr-pasarela Building 
 Image stress0123-asr-servidor Building 
 Image stress0123-asr-cliente Building 
 Image stress0123-asr-cliente Built 
 Image stress0123-asr-pasarela Built 
 Image stress0123-asr-servidor Built 
 Network stress0123-asr_red-interna Creating 
 Network stress0123-asr_red-interna Created 
 Network stress0123-asr_red-externa Creating 
 Network stress0123-asr_red-externa Created 
 Container stress0123-asr-servidor-1 Creating 
 Container stress0123-asr-cliente-1 Creating 
 Container stress0123-asr-pasarela-1 Creating 
 Container stress0123-asr-cliente-1 Created 
 Container stress0123-asr-pasarela-1 Created 
 Container stress0123-asr-servidor-1 Created 
 Container stress0123-asr-pasarela-1 Starting 
 Container stress0123-asr-servidor-1 Starting 
 Container stress0123-asr-cliente-1 Starting 
 Container stress0123-asr-servidor-1 Started 
 Container stress0123-asr-cliente-1 Started 
 Container stress0123-asr-pasarela-1 Started 
 Network stress0124-rc_red-lan Creating 
 Network stress0124-rc_red-lan Created 
 Network stress0124-rc_red-wan Creating 
 Network stress0124-rc_red-wan Created 
 Container stress0124-rc-router-1 Creating 
 Container stress0124-rc-servidor-1 Creating 
 Container stress0124-rc-cliente-1 Creating 
 Container stress0124-rc-router-1 Created 
 Container stress0124-rc-servidor-1 Created 
 Container stress0124-rc-cliente-1 Created 
 Container stress0124-rc-servidor-1 Starting 
 Container stress0124-rc-cliente-1 Starting 
 Container stress0124-rc-router-1 Starting 
 Container stress0124-rc-servidor-1 Started 
 Container stress0124-rc-cliente-1 Started 
 Container stress0124-rc-router-1 Started 
 Image stress0125-asr-cliente Building 
 Image stress0125-asr-pasarela Building 
 Image stress0125-asr-servidor Building 
 Image stress0125-asr-cliente Built 
 Image stress0125-asr-pasarela Built 
 Image stress0125-asr-servidor Built 
 Network stress0125-asr_red-externa Creating 
 Network stress0125-asr_red-externa Created 
 Network stress0125-asr_red-interna Creating 
 Network stress0125-asr_red-interna Created 
 Container stress0125-asr-cliente-1 Creating 
 Container stress0125-asr-pasarela-1 Creating 
 Container stress0125-asr-servidor-1 Creating 
 Container stress0125-asr-pasarela-1 Created 
 Container stress0125-asr-cliente-1 Created 
 Container stress0125-asr-servidor-1 Created 
 Container stress0125-asr-pasarela-1 Starting 
 Container stress0125-asr-servidor-1 Starting 
 Container stress0125-asr-cliente-1 Starting 
 Container stress0125-asr-servidor-1 Started 
 Container stress0125-asr-cliente-1 Started 
 Container stress0125-asr-pasarela-1 Started 
 Network stress0126-rc_red-lan Creating 
 Network stress0126-rc_red-lan Created 
 Network stress0126-rc_red-wan Creating 
 Network stress0126-rc_red-wan Created 
 Container stress0126-rc-servidor-1 Creating 
 Container stress0126-rc-router-1 Creating 
 Container stress0126-rc-cliente-1 Creating 
 Container stress0126-rc-router-1 Created 
 Container stress0126-rc-cliente-1 Created 
 Container stress0126-rc-servidor-1 Created 
 Container stress0126-rc-servidor-1 Starting 
 Container stress0126-rc-cliente-1 Starting 
 Container stress0126-rc-router-1 Starting 
 Container stress0126-rc-cliente-1 Started 
 Container stress0126-rc-servidor-1 Started 
 Container stress0126-rc-router-1 Started 
 Image stress0127-asr-pasarela Building 
 Image stress0127-asr-servidor Building 
 Image stress0127-asr-cliente Building 
 Image stress0127-asr-cliente Built 
 Image stress0127-asr-pasarela Built 
 Image stress0127-asr-servidor Built 
 Network stress0127-asr_red-externa Creating 
 Network stress0127-asr_red-externa Created 
 Network stress0127-asr_red-interna Creating 
 Network stress0127-asr_red-interna Created 
 Container stress0127-asr-pasarela-1 Creating 
 Container stress0127-asr-cliente-1 Creating 
 Container stress0127-asr-servidor-1 Creating 
 Container stress0127-asr-pasarela-1 Created 
 Container stress0127-asr-cliente-1 Created 
 Container stress0127-asr-servidor-1 Created 
 Container stress0127-asr-servidor-1 Starting 
 Container stress0127-asr-cliente-1 Starting 
 Container stress0127-asr-pasarela-1 Starting 
 Container stress0127-asr-servidor-1 Started 
 Container stress0127-asr-cliente-1 Started 
 Container stress0127-asr-pasarela-1 Started 
 Network stress0128-rc_red-lan Creating 
 Network stress0128-rc_red-lan Created 
 Network stress0128-rc_red-wan Creating 
 Network stress0128-rc_red-wan Created 
 Container stress0128-rc-router-1 Creating 
 Container stress0128-rc-servidor-1 Creating 
 Container stress0128-rc-cliente-1 Creating 
 Container stress0128-rc-servidor-1 Created 
 Container stress0128-rc-router-1 Created 
 Container stress0128-rc-cliente-1 Created 
 Container stress0128-rc-router-1 Starting 
 Container stress0128-rc-servidor-1 Starting 
 Container stress0128-rc-cliente-1 Starting 
 Container stress0128-rc-cliente-1 Started 
 Container stress0128-rc-servidor-1 Started 
 Container stress0128-rc-router-1 Started 
 Image stress0129-asr-pasarela Building 
 Image stress0129-asr-servidor Building 
 Image stress0129-asr-cliente Building 
 Image stress0129-asr-cliente Built 
 Image stress0129-asr-pasarela Built 
 Image stress0129-asr-servidor Built 
 Network stress0129-asr_red-externa Creating 
 Network stress0129-asr_red-externa Created 
 Network stress0129-asr_red-interna Creating 
 Network stress0129-asr_red-interna Created 
 Container stress0129-asr-cliente-1 Creating 
 Container stress0129-asr-pasarela-1 Creating 
 Container stress0129-asr-servidor-1 Creating 
 Container stress0129-asr-servidor-1 Created 
 Container stress0129-asr-pasarela-1 Created 
 Container stress0129-asr-cliente-1 Created 
 Container stress0129-asr-pasarela-1 Starting 
 Container stress0129-asr-servidor-1 Starting 
 Container stress0129-asr-cliente-1 Starting 
 Container stress0129-asr-servidor-1 Started 
 Container stress0129-asr-cliente-1 Started 
 Container stress0129-asr-pasarela-1 Started 
 Network stress0130-rc_red-wan Creating 
 Network stress0130-rc_red-wan Created 
 Network stress0130-rc_red-lan Creating 
 Network stress0130-rc_red-lan Created 
 Container stress0130-rc-router-1 Creating 
 Container stress0130-rc-cliente-1 Creating 
 Container stress0130-rc-servidor-1 Creating 
 Container stress0130-rc-router-1 Created 
 Container stress0130-rc-servidor-1 Created 
 Container stress0130-rc-cliente-1 Created 
 Container stress0130-rc-cliente-1 Starting 
 Container stress0130-rc-router-1 Starting 
 Container stress0130-rc-servidor-1 Starting 
 Container stress0130-rc-cliente-1 Started 
 Container stress0130-rc-servidor-1 Started 
 Container stress0130-rc-router-1 Started 
 Image stress0131-asr-servidor Building 
 Image stress0131-asr-cliente Building 
 Image stress0131-asr-pasarela Building 
 Image stress0131-asr-cliente Built 
 Image stress0131-asr-pasarela Built 
 Image stress0131-asr-servidor Built 
 Network stress0131-asr_red-interna Creating 
 Network stress0131-asr_red-interna Created 
 Network stress0131-asr_red-externa Creating 
 Network stress0131-asr_red-externa Created 
 Container stress0131-asr-servidor-1 Creating 
 Container stress0131-asr-cliente-1 Creating 
 Container stress0131-asr-pasarela-1 Creating 
 Container stress0131-asr-pasarela-1 Created 
 Container stress0131-asr-cliente-1 Created 
 Container stress0131-asr-servidor-1 Created 
 Container stress0131-asr-pasarela-1 Starting 
 Container stress0131-asr-servidor-1 Starting 
 Container stress0131-asr-cliente-1 Starting 
 Container stress0131-asr-cliente-1 Started 
 Container stress0131-asr-pasarela-1 Started 
 Container stress0131-asr-servidor-1 Started 
 Network stress0132-rc_red-lan Creating 
 Network stress0132-rc_red-lan Created 
 Network stress0132-rc_red-wan Creating 
 Network stress0132-rc_red-wan Created 
 Container stress0132-rc-servidor-1 Creating 
 Container stress0132-rc-router-1 Creating 
 Container stress0132-rc-cliente-1 Creating 
 Container stress0132-rc-servidor-1 Created 
 Container stress0132-rc-cliente-1 Created 
 Container stress0132-rc-router-1 Created 
 Container stress0132-rc-cliente-1 Starting 
 Container stress0132-rc-router-1 Starting 
 Container stress0132-rc-servidor-1 Starting 
 Container stress0132-rc-cliente-1 Started 
 Container stress0132-rc-servidor-1 Started 
 Container stress0132-rc-router-1 Started 
 Image stress0133-asr-cliente Building 
 Image stress0133-asr-pasarela Building 
 Image stress0133-asr-servidor Building 
 Image stress0133-asr-pasarela Built 
 Image stress0133-asr-servidor Built 
 Image stress0133-asr-cliente Built 
 Network stress0133-asr_red-interna Creating 
 Network stress0133-asr_red-interna Created 
 Network stress0133-asr_red-externa Creating 
 Network stress0133-asr_red-externa Created 
 Container stress0133-asr-cliente-1 Creating 
 Container stress0133-asr-servidor-1 Creating 
 Container stress0133-asr-pasarela-1 Creating 
 Container stress0133-asr-cliente-1 Created 
 Container stress0133-asr-servidor-1 Created 
 Container stress0133-asr-pasarela-1 Created 
 Container stress0133-asr-servidor-1 Starting 
 Container stress0133-asr-cliente-1 Starting 
 Container stress0133-asr-pasarela-1 Starting 
 Container stress0133-asr-servidor-1 Started 
 Container stress0133-asr-cliente-1 Started 
 Container stress0133-asr-pasarela-1 Started 
 Network stress0134-rc_red-wan Creating 
 Network stress0134-rc_red-wan Created 
 Network stress0134-rc_red-lan Creating 
 Network stress0134-rc_red-lan Created 
 Container stress0134-rc-router-1 Creating 
 Container stress0134-rc-cliente-1 Creating 
 Container stress0134-rc-servidor-1 Creating 
 Container stress0134-rc-router-1 Created 
 Container stress0134-rc-servidor-1 Created 
 Container stress0134-rc-cliente-1 Created 
 Container stress0134-rc-servidor-1 Starting 
 Container stress0134-rc-cliente-1 Starting 
 Container stress0134-rc-router-1 Starting 
 Container stress0134-rc-servidor-1 Started 
 Container stress0134-rc-cliente-1 Started 
 Container stress0134-rc-router-1 Started 
 Image stress0135-asr-pasarela Building 
 Image stress0135-asr-servidor Building 
 Image stress0135-asr-cliente Building 
 Image stress0135-asr-pasarela Built 
 Image stress0135-asr-servidor Built 
 Image stress0135-asr-cliente Built 
 Network stress0135-asr_red-interna Creating 
 Network stress0135-asr_red-interna Created 
 Network stress0135-asr_red-externa Creating 
 Network stress0135-asr_red-externa Created 
 Container stress0135-asr-pasarela-1 Creating 
 Container stress0135-asr-servidor-1 Creating 
 Container stress0135-asr-cliente-1 Creating 
 Container stress0135-asr-servidor-1 Created 
 Container stress0135-asr-pasarela-1 Created 
 Container stress0135-asr-cliente-1 Created 
 Container stress0135-asr-servidor-1 Starting 
 Container stress0135-asr-pasarela-1 Starting 
 Container stress0135-asr-cliente-1 Starting 
 Container stress0135-asr-servidor-1 Started 
 Container stress0135-asr-cliente-1 Started 
 Container stress0135-asr-pasarela-1 Started 
 Network stress0136-rc_red-wan Creating 
 Network stress0136-rc_red-wan Created 
 Network stress0136-rc_red-lan Creating 
 Network stress0136-rc_red-lan Created 
 Container stress0136-rc-router-1 Creating 
 Container stress0136-rc-servidor-1 Creating 
 Container stress0136-rc-cliente-1 Creating 
 Container stress0136-rc-router-1 Created 
 Container stress0136-rc-servidor-1 Created 
 Container stress0136-rc-cliente-1 Created 
 Container stress0136-rc-cliente-1 Starting 
 Container stress0136-rc-router-1 Starting 
 Container stress0136-rc-servidor-1 Starting 
 Container stress0136-rc-cliente-1 Started 
 Container stress0136-rc-servidor-1 Started 
 Container stress0136-rc-router-1 Started 
 Image stress0137-asr-cliente Building 
 Image stress0137-asr-pasarela Building 
 Image stress0137-asr-servidor Building 
 Image stress0137-asr-servidor Built 
 Image stress0137-asr-cliente Built 
 Image stress0137-asr-pasarela Built 
 Network stress0137-asr_red-interna Creating 
 Network stress0137-asr_red-interna Created 
 Network stress0137-asr_red-externa Creating 
 Network stress0137-asr_red-externa Created 
 Container stress0137-asr-cliente-1 Creating 
 Container stress0137-asr-pasarela-1 Creating 
 Container stress0137-asr-servidor-1 Creating 
 Container stress0137-asr-cliente-1 Created 
 Container stress0137-asr-pasarela-1 Created 
 Container stress0137-asr-servidor-1 Created 
 Container stress0137-asr-cliente-1 Starting 
 Container stress0137-asr-pasarela-1 Starting 
 Container stress0137-asr-servidor-1 Starting 
 Container stress0137-asr-cliente-1 Started 
 Container stress0137-asr-servidor-1 Started 
 Container stress0137-asr-pasarela-1 Started 
 Network stress0138-rc_red-wan Creating 
 Network stress0138-rc_red-wan Created 
 Network stress0138-rc_red-lan Creating 
 Network stress0138-rc_red-lan Created 
 Container stress0138-rc-router-1 Creating 
 Container stress0138-rc-servidor-1 Creating 
 Container stress0138-rc-cliente-1 Creating 
 Container stress0138-rc-router-1 Created 
 Container stress0138-rc-servidor-1 Created 
 Container stress0138-rc-cliente-1 Created 
 Container stress0138-rc-router-1 Starting 
 Container stress0138-rc-cliente-1 Starting 
 Container stress0138-rc-servidor-1 Starting 
 Container stress0138-rc-cliente-1 Started 
 Container stress0138-rc-servidor-1 Started 
 Container stress0138-rc-router-1 Started 
 Image stress0139-asr-pasarela Building 
 Image stress0139-asr-servidor Building 
 Image stress0139-asr-cliente Building 
 Image stress0139-asr-cliente Built 
 Image stress0139-asr-pasarela Built 
 Image stress0139-asr-servidor Built 
 Network stress0139-asr_red-externa Creating 
 Network stress0139-asr_red-externa Created 
 Network stress0139-asr_red-interna Creating 
 Network stress0139-asr_red-interna Created 
 Container stress0139-asr-cliente-1 Creating 
 Container stress0139-asr-servidor-1 Creating 
 Container stress0139-asr-pasarela-1 Creating 
 Container stress0139-asr-pasarela-1 Created 
 Container stress0139-asr-cliente-1 Created 
 Container stress0139-asr-servidor-1 Created 
 Container stress0139-asr-cliente-1 Starting 
 Container stress0139-asr-servidor-1 Starting 
 Container stress0139-asr-pasarela-1 Starting 
 Container stress0139-asr-servidor-1 Started 
 Container stress0139-asr-cliente-1 Started 
 Container stress0139-asr-pasarela-1 Started 
 Network stress0140-rc_red-wan Creating 
 Network stress0140-rc_red-wan Created 
 Network stress0140-rc_red-lan Creating 
 Network stress0140-rc_red-lan Created 
 Container stress0140-rc-cliente-1 Creating 
 Container stress0140-rc-router-1 Creating 
 Container stress0140-rc-servidor-1 Creating 
 Container stress0140-rc-cliente-1 Created 
 Container stress0140-rc-router-1 Created 
 Container stress0140-rc-servidor-1 Created 
 Container stress0140-rc-router-1 Starting 
 Container stress0140-rc-servidor-1 Starting 
 Container stress0140-rc-cliente-1 Starting 
 Container stress0140-rc-servidor-1 Started 
 Container stress0140-rc-cliente-1 Started 
 Container stress0140-rc-router-1 Started 
 Image stress0141-asr-pasarela Building 
 Image stress0141-asr-servidor Building 
 Image stress0141-asr-cliente Building 
 Image stress0141-asr-cliente Built 
 Image stress0141-asr-pasarela Built 
 Image stress0141-asr-servidor Built 
 Network stress0141-asr_red-interna Creating 
 Network stress0141-asr_red-interna Created 
 Network stress0141-asr_red-externa Creating 
 Network stress0141-asr_red-externa Created 
 Container stress0141-asr-servidor-1 Creating 
 Container stress0141-asr-pasarela-1 Creating 
 Container stress0141-asr-cliente-1 Creating 
 Container stress0141-asr-pasarela-1 Created 
 Container stress0141-asr-cliente-1 Created 
 Container stress0141-asr-servidor-1 Created 
 Container stress0141-asr-pasarela-1 Starting 
 Container stress0141-asr-servidor-1 Starting 
 Container stress0141-asr-cliente-1 Starting 
 Container stress0141-asr-servidor-1 Started 
 Container stress0141-asr-cliente-1 Started 
 Container stress0141-asr-pasarela-1 Started 
 Network stress0142-rc_red-lan Creating 
 Network stress0142-rc_red-lan Created 
 Network stress0142-rc_red-wan Creating 
 Network stress0142-rc_red-wan Created 
 Container stress0142-rc-cliente-1 Creating 
 Container stress0142-rc-servidor-1 Creating 
 Container stress0142-rc-router-1 Creating 
 Container stress0142-rc-router-1 Created 
 Container stress0142-rc-cliente-1 Created 
 Container stress0142-rc-servidor-1 Created 
 Container stress0142-rc-router-1 Starting 
 Container stress0142-rc-servidor-1 Starting 
 Container stress0142-rc-cliente-1 Starting 
 Container stress0142-rc-servidor-1 Started 
 Container stress0142-rc-cliente-1 Started 
 Container stress0142-rc-router-1 Started 
 Image stress0143-asr-cliente Building 
 Image stress0143-asr-pasarela Building 
 Image stress0143-asr-servidor Building 
 Image stress0143-asr-cliente Built 
 Image stress0143-asr-pasarela Built 
 Image stress0143-asr-servidor Built 
 Network stress0143-asr_red-interna Creating 
 Network stress0143-asr_red-interna Created 
 Network stress0143-asr_red-externa Creating 
 Network stress0143-asr_red-externa Created 
 Container stress0143-asr-servidor-1 Creating 
 Container stress0143-asr-cliente-1 Creating 
 Container stress0143-asr-pasarela-1 Creating 
 Container stress0143-asr-servidor-1 Created 
 Container stress0143-asr-cliente-1 Created 
 Container stress0143-asr-pasarela-1 Created 
 Container stress0143-asr-cliente-1 Starting 
 Container stress0143-asr-pasarela-1 Starting 
 Container stress0143-asr-servidor-1 Starting 
 Container stress0143-asr-cliente-1 Started 
 Container stress0143-asr-servidor-1 Started 
 Container stress0143-asr-pasarela-1 Started 
 Network stress0144-rc_red-wan Creating 
 Network stress0144-rc_red-wan Created 
 Network stress0144-rc_red-lan Creating 
 Network stress0144-rc_red-lan Created 
 Container stress0144-rc-servidor-1 Creating 
 Container stress0144-rc-router-1 Creating 
 Container stress0144-rc-cliente-1 Creating 
 Container stress0144-rc-servidor-1 Created 
 Container stress0144-rc-router-1 Created 
 Container stress0144-rc-cliente-1 Created 
 Container stress0144-rc-router-1 Starting 
 Container stress0144-rc-servidor-1 Starting 
 Container stress0144-rc-cliente-1 Starting 
 Container stress0144-rc-cliente-1 Started 
 Container stress0144-rc-servidor-1 Started 
 Container stress0144-rc-router-1 Started 
 Image stress0145-asr-cliente Building 
 Image stress0145-asr-pasarela Building 
 Image stress0145-asr-servidor Building 
 Image stress0145-asr-cliente Built 
 Image stress0145-asr-pasarela Built 
 Image stress0145-asr-servidor Built 
 Network stress0145-asr_red-interna Creating 
 Network stress0145-asr_red-interna Created 
 Network stress0145-asr_red-externa Creating 
 Network stress0145-asr_red-externa Created 
 Container stress0145-asr-servidor-1 Creating 
 Container stress0145-asr-pasarela-1 Creating 
 Container stress0145-asr-cliente-1 Creating 
 Container stress0145-asr-cliente-1 Created 
 Container stress0145-asr-servidor-1 Created 
 Container stress0145-asr-pasarela-1 Created 
 Container stress0145-asr-pasarela-1 Starting 
 Container stress0145-asr-servidor-1 Starting 
 Container stress0145-asr-cliente-1 Starting 
 Container stress0145-asr-servidor-1 Started 
 Container stress0145-asr-cliente-1 Started 
 Container stress0145-asr-pasarela-1 Started 
 Network stress0146-rc_red-wan Creating 
 Network stress0146-rc_red-wan Created 
 Network stress0146-rc_red-lan Creating 
 Network stress0146-rc_red-lan Created 
 Container stress0146-rc-router-1 Creating 
 Container stress0146-rc-cliente-1 Creating 
 Container stress0146-rc-servidor-1 Creating 
 Container stress0146-rc-router-1 Created 
 Container stress0146-rc-servidor-1 Created 
 Container stress0146-rc-cliente-1 Created 
 Container stress0146-rc-router-1 Starting 
 Container stress0146-rc-servidor-1 Starting 
 Container stress0146-rc-cliente-1 Starting 
 Container stress0146-rc-servidor-1 Started 
 Container stress0146-rc-cliente-1 Started 
 Container stress0146-rc-router-1 Started 
 Image stress0147-asr-pasarela Building 
 Image stress0147-asr-servidor Building 
 Image stress0147-asr-cliente Building 
 Image stress0147-asr-cliente Built 
 Image stress0147-asr-pasarela Built 
 Image stress0147-asr-servidor Built 
 Network stress0147-asr_red-interna Creating 
 Network stress0147-asr_red-interna Created 
 Network stress0147-asr_red-externa Creating 
 Network stress0147-asr_red-externa Created 
 Container stress0147-asr-cliente-1 Creating 
 Container stress0147-asr-pasarela-1 Creating 
 Container stress0147-asr-servidor-1 Creating 
 Container stress0147-asr-pasarela-1 Created 
 Container stress0147-asr-cliente-1 Created 
 Container stress0147-asr-servidor-1 Created 
 Container stress0147-asr-pasarela-1 Starting 
 Container stress0147-asr-cliente-1 Starting 
 Container stress0147-asr-servidor-1 Starting 
 Container stress0147-asr-cliente-1 Started 
 Container stress0147-asr-servidor-1 Started 
 Container stress0147-asr-pasarela-1 Started 
 Network stress0148-rc_red-lan Creating 
 Network stress0148-rc_red-lan Created 
 Network stress0148-rc_red-wan Creating 
 Network stress0148-rc_red-wan Created 
 Container stress0148-rc-servidor-1 Creating 
 Container stress0148-rc-cliente-1 Creating 
 Container stress0148-rc-router-1 Creating 
 Container stress0148-rc-servidor-1 Created 
 Container stress0148-rc-cliente-1 Created 
 Container stress0148-rc-router-1 Created 
 Container stress0148-rc-cliente-1 Starting 
 Container stress0148-rc-router-1 Starting 
 Container stress0148-rc-servidor-1 Starting 
 Container stress0148-rc-servidor-1 Started 
 Container stress0148-rc-cliente-1 Started 
 Container stress0148-rc-router-1 Started 
 Image stress0149-asr-cliente Building 
 Image stress0149-asr-pasarela Building 
 Image stress0149-asr-servidor Building 
 Image stress0149-asr-servidor Built 
 Image stress0149-asr-cliente Built 
 Image stress0149-asr-pasarela Built 
 Network stress0149-asr_red-interna Creating 
 Network stress0149-asr_red-interna Created 
 Network stress0149-asr_red-externa Creating 
 Network stress0149-asr_red-externa Created 
 Container stress0149-asr-cliente-1 Creating 
 Container stress0149-asr-pasarela-1 Creating 
 Container stress0149-asr-servidor-1 Creating 
 Container stress0149-asr-pasarela-1 Created 
 Container stress0149-asr-cliente-1 Created 
 Container stress0149-asr-servidor-1 Created 
 Container stress0149-asr-cliente-1 Starting 
 Container stress0149-asr-pasarela-1 Starting 
 Container stress0149-asr-servidor-1 Starting 
 Container stress0149-asr-cliente-1 Started 
 Container stress0149-asr-servidor-1 Started 
 Container stress0149-asr-pasarela-1 Started 
 Network stress0150-rc_red-lan Creating 
 Network stress0150-rc_red-lan Created 
 Network stress0150-rc_red-wan Creating 
 Network stress0150-rc_red-wan Created 
 Container stress0150-rc-cliente-1 Creating 
 Container stress0150-rc-router-1 Creating 
 Container stress0150-rc-servidor-1 Creating 
 Container stress0150-rc-router-1 Created 
 Container stress0150-rc-cliente-1 Created 
 Container stress0150-rc-servidor-1 Created 
 Container stress0150-rc-router-1 Starting 
 Container stress0150-rc-servidor-1 Starting 
 Container stress0150-rc-cliente-1 Starting 
 Container stress0150-rc-servidor-1 Started 
 Container stress0150-rc-cliente-1 Started 
 Container stress0150-rc-router-1 Started 
 Image stress0151-asr-servidor Building 
 Image stress0151-asr-cliente Building 
 Image stress0151-asr-pasarela Building 
 Image stress0151-asr-servidor Built 
 Image stress0151-asr-cliente Built 
 Image stress0151-asr-pasarela Built 
 Network stress0151-asr_red-interna Creating 
 Network stress0151-asr_red-interna Created 
 Network stress0151-asr_red-externa Creating 
 Network stress0151-asr_red-externa Created 
 Container stress0151-asr-pasarela-1 Creating 
 Container stress0151-asr-servidor-1 Creating 
 Container stress0151-asr-cliente-1 Creating 
 Container stress0151-asr-cliente-1 Created 
 Container stress0151-asr-pasarela-1 Created 
 Container stress0151-asr-servidor-1 Created 
 Container stress0151-asr-servidor-1 Starting 
 Container stress0151-asr-cliente-1 Starting 
 Container stress0151-asr-pasarela-1 Starting 
 Container stress0151-asr-servidor-1 Started 
 Container stress0151-asr-cliente-1 Started 
 Container stress0151-asr-pasarela-1 Started 
 Network stress0152-rc_red-wan Creating 
 Network stress0152-rc_red-wan Created 
 Network stress0152-rc_red-lan Creating 
 Network stress0152-rc_red-lan Created 
 Container stress0152-rc-router-1 Creating 
 Container stress0152-rc-servidor-1 Creating 
 Container stress0152-rc-cliente-1 Creating 
 Container stress0152-rc-router-1 Created 
 Container stress0152-rc-cliente-1 Created 
 Container stress0152-rc-servidor-1 Created 
 Container stress0152-rc-servidor-1 Starting 
 Container stress0152-rc-cliente-1 Starting 
 Container stress0152-rc-router-1 Starting 
 Container stress0152-rc-servidor-1 Started 
 Container stress0152-rc-cliente-1 Started 
 Container stress0152-rc-router-1 Started 
 Image stress0153-asr-cliente Building 
 Image stress0153-asr-pasarela Building 
 Image stress0153-asr-servidor Building 
 Image stress0153-asr-pasarela Built 
 Image stress0153-asr-servidor Built 
 Image stress0153-asr-cliente Built 
 Network stress0153-asr_red-externa Creating 
 Network stress0153-asr_red-externa Created 
 Network stress0153-asr_red-interna Creating 
 Network stress0153-asr_red-interna Created 
 Container stress0153-asr-cliente-1 Creating 
 Container stress0153-asr-pasarela-1 Creating 
 Container stress0153-asr-servidor-1 Creating 
 Container stress0153-asr-servidor-1 Created 
 Container stress0153-asr-pasarela-1 Created 
 Container stress0153-asr-cliente-1 Created 
 Container stress0153-asr-pasarela-1 Starting 
 Container stress0153-asr-servidor-1 Starting 
 Container stress0153-asr-cliente-1 Starting 
 Container stress0153-asr-servidor-1 Started 
 Container stress0153-asr-cliente-1 Started 
 Container stress0153-asr-pasarela-1 Started 
 Network stress0154-rc_red-lan Creating 
 Network stress0154-rc_red-lan Created 
 Network stress0154-rc_red-wan Creating 
 Network stress0154-rc_red-wan Created 
 Container stress0154-rc-cliente-1 Creating 
 Container stress0154-rc-router-1 Creating 
 Container stress0154-rc-servidor-1 Creating 
 Container stress0154-rc-cliente-1 Created 
 Container stress0154-rc-router-1 Created 
 Container stress0154-rc-servidor-1 Created 
 Container stress0154-rc-servidor-1 Starting 
 Container stress0154-rc-cliente-1 Starting 
 Container stress0154-rc-router-1 Starting 
 Container stress0154-rc-servidor-1 Started 
 Container stress0154-rc-cliente-1 Started 
 Container stress0154-rc-router-1 Started 
 Image stress0155-asr-cliente Building 
 Image stress0155-asr-pasarela Building 
 Image stress0155-asr-servidor Building 
 Image stress0155-asr-pasarela Built 
 Image stress0155-asr-servidor Built 
 Image stress0155-asr-cliente Built 
 Network stress0155-asr_red-interna Creating 
 Network stress0155-asr_red-interna Created 
 Network stress0155-asr_red-externa Creating 
 Network stress0155-asr_red-externa Created 
 Container stress0155-asr-servidor-1 Creating 
 Container stress0155-asr-cliente-1 Creating 
 Container stress0155-asr-pasarela-1 Creating 
 Container stress0155-asr-servidor-1 Created 
 Container stress0155-asr-cliente-1 Created 
 Container stress0155-asr-pasarela-1 Created 
 Container stress0155-asr-pasarela-1 Starting 
 Container stress0155-asr-servidor-1 Starting 
 Container stress0155-asr-cliente-1 Starting 
 Container stress0155-asr-cliente-1 Started 
 Container stress0155-asr-servidor-1 Started 
 Container stress0155-asr-pasarela-1 Started 
 Network stress0156-rc_red-wan Creating 
 Network stress0156-rc_red-wan Created 
 Network stress0156-rc_red-lan Creating 
 Network stress0156-rc_red-lan Created 
 Container stress0156-rc-servidor-1 Creating 
 Container stress0156-rc-cliente-1 Creating 
 Container stress0156-rc-router-1 Creating 
 Container stress0156-rc-cliente-1 Created 
 Container stress0156-rc-router-1 Created 
 Container stress0156-rc-servidor-1 Created 
 Container stress0156-rc-cliente-1 Starting 
 Container stress0156-rc-router-1 Starting 
 Container stress0156-rc-servidor-1 Starting 
 Container stress0156-rc-servidor-1 Started 
 Container stress0156-rc-cliente-1 Started 
 Container stress0156-rc-router-1 Started 
 Image stress0157-asr-pasarela Building 
 Image stress0157-asr-servidor Building 
 Image stress0157-asr-cliente Building 
 Image stress0157-asr-cliente Built 
 Image stress0157-asr-pasarela Built 
 Image stress0157-asr-servidor Built 
 Network stress0157-asr_red-interna Creating 
 Network stress0157-asr_red-interna Created 
 Network stress0157-asr_red-externa Creating 
 Network stress0157-asr_red-externa Created 
 Container stress0157-asr-pasarela-1 Creating 
 Container stress0157-asr-servidor-1 Creating 
 Container stress0157-asr-cliente-1 Creating 
 Container stress0157-asr-servidor-1 Created 
 Container stress0157-asr-cliente-1 Created 
 Container stress0157-asr-pasarela-1 Created 
 Container stress0157-asr-pasarela-1 Starting 
 Container stress0157-asr-cliente-1 Starting 
 Container stress0157-asr-servidor-1 Starting 
 Container stress0157-asr-servidor-1 Started 
 Container stress0157-asr-cliente-1 Started 
 Container stress0157-asr-pasarela-1 Started 
 Network stress0158-rc_red-wan Creating 
 Network stress0158-rc_red-wan Created 
 Network stress0158-rc_red-lan Creating 
 Network stress0158-rc_red-lan Created 
 Container stress0158-rc-router-1 Creating 
 Container stress0158-rc-servidor-1 Creating 
 Container stress0158-rc-cliente-1 Creating 
 Container stress0158-rc-router-1 Created 
 Container stress0158-rc-servidor-1 Created 
 Container stress0158-rc-cliente-1 Created 
 Container stress0158-rc-cliente-1 Starting 
 Container stress0158-rc-router-1 Starting 
 Container stress0158-rc-servidor-1 Starting 
 Container stress0158-rc-servidor-1 Started 
 Container stress0158-rc-cliente-1 Started 
 Container stress0158-rc-router-1 Started 
 Image stress0159-asr-cliente Building 
 Image stress0159-asr-pasarela Building 
 Image stress0159-asr-servidor Building 
 Image stress0159-asr-cliente Built 
 Image stress0159-asr-pasarela Built 
 Image stress0159-asr-servidor Built 
 Network stress0159-asr_red-externa Creating 
 Network stress0159-asr_red-externa Created 
 Network stress0159-asr_red-interna Creating 
 Network stress0159-asr_red-interna Created 
 Container stress0159-asr-cliente-1 Creating 
 Container stress0159-asr-servidor-1 Creating 
 Container stress0159-asr-pasarela-1 Creating 
 Container stress0159-asr-servidor-1 Created 
 Container stress0159-asr-pasarela-1 Created 
 Container stress0159-asr-cliente-1 Created 
 Container stress0159-asr-servidor-1 Starting 
 Container stress0159-asr-cliente-1 Starting 
 Container stress0159-asr-pasarela-1 Starting 
 Container stress0159-asr-servidor-1 Started 
 Container stress0159-asr-cliente-1 Started 
 Container stress0159-asr-pasarela-1 Started 
 Network stress0160-rc_red-lan Creating 
 Network stress0160-rc_red-lan Created 
 Network stress0160-rc_red-wan Creating 
 Network stress0160-rc_red-wan Created 
 Container stress0160-rc-cliente-1 Creating 
 Container stress0160-rc-router-1 Creating 
 Container stress0160-rc-servidor-1 Creating 
 Container stress0160-rc-servidor-1 Created 
 Container stress0160-rc-cliente-1 Created 
 Container stress0160-rc-router-1 Created 
 Container stress0160-rc-cliente-1 Starting 
 Container stress0160-rc-servidor-1 Starting 
 Container stress0160-rc-router-1 Starting 
 Container stress0160-rc-cliente-1 Started 
 Container stress0160-rc-servidor-1 Started 
 Container stress0160-rc-router-1 Started 
 Image stress0161-asr-pasarela Building 
 Image stress0161-asr-servidor Building 
 Image stress0161-asr-cliente Building 
 Image stress0161-asr-cliente Built 
 Image stress0161-asr-pasarela Built 
 Image stress0161-asr-servidor Built 
 Network stress0161-asr_red-interna Creating 
 Network stress0161-asr_red-interna Created 
 Network stress0161-asr_red-externa Creating 
 Network stress0161-asr_red-externa Created 
 Container stress0161-asr-servidor-1 Creating 
 Container stress0161-asr-cliente-1 Creating 
 Container stress0161-asr-pasarela-1 Creating 
 Container stress0161-asr-cliente-1 Created 
 Container stress0161-asr-pasarela-1 Created 
 Container stress0161-asr-servidor-1 Created 
 Container stress0161-asr-cliente-1 Starting 
 Container stress0161-asr-pasarela-1 Starting 
 Container stress0161-asr-servidor-1 Starting 
 Container stress0161-asr-servidor-1 Started 
 Container stress0161-asr-cliente-1 Started 
 Container stress0161-asr-pasarela-1 Started 
 Network stress0162-rc_red-wan Creating 
 Network stress0162-rc_red-wan Created 
 Network stress0162-rc_red-lan Creating 
 Network stress0162-rc_red-lan Created 
 Container stress0162-rc-cliente-1 Creating 
 Container stress0162-rc-servidor-1 Creating 
 Container stress0162-rc-router-1 Creating 
 Container stress0162-rc-cliente-1 Created 
 Container stress0162-rc-router-1 Created 
 Container stress0162-rc-servidor-1 Created 
 Container stress0162-rc-cliente-1 Starting 
 Container stress0162-rc-router-1 Starting 
 Container stress0162-rc-servidor-1 Starting 
 Container stress0162-rc-cliente-1 Started 
 Container stress0162-rc-router-1 Started 
 Container stress0162-rc-servidor-1 Started 
 Image stress0163-asr-cliente Building 
 Image stress0163-asr-pasarela Building 
 Image stress0163-asr-servidor Building 
 Image stress0163-asr-cliente Built 
 Image stress0163-asr-pasarela Built 
 Image stress0163-asr-servidor Built 
 Network stress0163-asr_red-interna Creating 
 Network stress0163-asr_red-interna Created 
 Network stress0163-asr_red-externa Creating 
 Network stress0163-asr_red-externa Created 
 Container stress0163-asr-pasarela-1 Creating 
 Container stress0163-asr-servidor-1 Creating 
 Container stress0163-asr-cliente-1 Creating 
 Container stress0163-asr-cliente-1 Created 
 Container stress0163-asr-servidor-1 Created 
 Container stress0163-asr-pasarela-1 Created 
 Container stress0163-asr-servidor-1 Starting 
 Container stress0163-asr-cliente-1 Starting 
 Container stress0163-asr-pasarela-1 Starting 
 Container stress0163-asr-servidor-1 Started 
 Container stress0163-asr-cliente-1 Started 
 Container stress0163-asr-pasarela-1 Started 
 Network stress0164-rc_red-lan Creating 
 Network stress0164-rc_red-lan Created 
 Network stress0164-rc_red-wan Creating 
 Network stress0164-rc_red-wan Created 
 Container stress0164-rc-cliente-1 Creating 
 Container stress0164-rc-router-1 Creating 
 Container stress0164-rc-servidor-1 Creating 
 Container stress0164-rc-cliente-1 Created 
 Container stress0164-rc-router-1 Created 
 Container stress0164-rc-servidor-1 Created 
 Container stress0164-rc-servidor-1 Starting 
 Container stress0164-rc-cliente-1 Starting 
 Container stress0164-rc-router-1 Starting 
 Container stress0164-rc-servidor-1 Started 
 Container stress0164-rc-cliente-1 Started 
 Container stress0164-rc-router-1 Started 
 Image stress0165-asr-cliente Building 
 Image stress0165-asr-pasarela Building 
 Image stress0165-asr-servidor Building 
 Image stress0165-asr-pasarela Built 
 Image stress0165-asr-servidor Built 
 Image stress0165-asr-cliente Built 
 Network stress0165-asr_red-interna Creating 
 Network stress0165-asr_red-interna Created 
 Network stress0165-asr_red-externa Creating 
 Network stress0165-asr_red-externa Created 
 Container stress0165-asr-cliente-1 Creating 
 Container stress0165-asr-servidor-1 Creating 
 Container stress0165-asr-pasarela-1 Creating 
 Container stress0165-asr-cliente-1 Created 
 Container stress0165-asr-servidor-1 Created 
 Container stress0165-asr-pasarela-1 Created 
 Container stress0165-asr-servidor-1 Starting 
 Container stress0165-asr-cliente-1 Starting 
 Container stress0165-asr-pasarela-1 Starting 
 Container stress0165-asr-servidor-1 Started 
 Container stress0165-asr-cliente-1 Started 
 Container stress0165-asr-pasarela-1 Started 
 Network stress0166-rc_red-lan Creating 
 Network stress0166-rc_red-lan Created 
 Network stress0166-rc_red-wan Creating 
 Network stress0166-rc_red-wan Created 
 Container stress0166-rc-servidor-1 Creating 
 Container stress0166-rc-cliente-1 Creating 
 Container stress0166-rc-router-1 Creating 
 Container stress0166-rc-servidor-1 Created 
 Container stress0166-rc-cliente-1 Created 
 Container stress0166-rc-router-1 Created 
 Container stress0166-rc-router-1 Starting 
 Container stress0166-rc-servidor-1 Starting 
 Container stress0166-rc-cliente-1 Starting 
 Container stress0166-rc-cliente-1 Started 
 Container stress0166-rc-servidor-1 Started 
 Container stress0166-rc-router-1 Started 
 Image stress0167-asr-pasarela Building 
 Image stress0167-asr-servidor Building 
 Image stress0167-asr-cliente Building 
 Image stress0167-asr-servidor Built 
 Image stress0167-asr-cliente Built 
 Image stress0167-asr-pasarela Built 
 Network stress0167-asr_red-interna Creating 
 Network stress0167-asr_red-interna Created 
 Network stress0167-asr_red-externa Creating 
 Network stress0167-asr_red-externa Created 
 Container stress0167-asr-pasarela-1 Creating 
 Container stress0167-asr-servidor-1 Creating 
 Container stress0167-asr-cliente-1 Creating 
 Container stress0167-asr-pasarela-1 Created 
 Container stress0167-asr-cliente-1 Created 
 Container stress0167-asr-servidor-1 Created 
 Container stress0167-asr-cliente-1 Starting 
 Container stress0167-asr-pasarela-1 Starting 
 Container stress0167-asr-servidor-1 Starting 
 Container stress0167-asr-servidor-1 Started 
 Container stress0167-asr-cliente-1 Started 
 Container stress0167-asr-pasarela-1 Started 
 Network stress0168-rc_red-wan Creating 
 Network stress0168-rc_red-wan Created 
 Network stress0168-rc_red-lan Creating 
 Network stress0168-rc_red-lan Created 
 Container stress0168-rc-router-1 Creating 
 Container stress0168-rc-servidor-1 Creating 
 Container stress0168-rc-cliente-1 Creating 
 Container stress0168-rc-router-1 Created 
 Container stress0168-rc-cliente-1 Created 
 Container stress0168-rc-servidor-1 Created 
 Container stress0168-rc-router-1 Starting 
 Container stress0168-rc-servidor-1 Starting 
 Container stress0168-rc-cliente-1 Starting 
 Container stress0168-rc-servidor-1 Started 
 Container stress0168-rc-cliente-1 Started 
 Container stress0168-rc-router-1 Started 
 Image stress0169-asr-servidor Building 
 Image stress0169-asr-cliente Building 
 Image stress0169-asr-pasarela Building 
 Image stress0169-asr-pasarela Built 
 Image stress0169-asr-servidor Built 
 Image stress0169-asr-cliente Built 
 Network stress0169-asr_red-interna Creating 
 Network stress0169-asr_red-interna Created 
 Network stress0169-asr_red-externa Creating 
 Network stress0169-asr_red-externa Created 
 Container stress0169-asr-cliente-1 Creating 
 Container stress0169-asr-servidor-1 Creating 
 Container stress0169-asr-pasarela-1 Creating 
 Container stress0169-asr-pasarela-1 Created 
 Container stress0169-asr-cliente-1 Created 
 Container stress0169-asr-servidor-1 Created 
 Container stress0169-asr-servidor-1 Starting 
 Container stress0169-asr-cliente-1 Starting 
 Container stress0169-asr-pasarela-1 Starting 
 Container stress0169-asr-cliente-1 Started 
 Container stress0169-asr-servidor-1 Started 
 Container stress0169-asr-pasarela-1 Started 
 Network stress0170-rc_red-wan Creating 
 Network stress0170-rc_red-wan Created 
 Network stress0170-rc_red-lan Creating 
 Network stress0170-rc_red-lan Created 
 Container stress0170-rc-cliente-1 Creating 
 Container stress0170-rc-router-1 Creating 
 Container stress0170-rc-servidor-1 Creating 
 Container stress0170-rc-cliente-1 Created 
 Container stress0170-rc-servidor-1 Created 
 Container stress0170-rc-router-1 Created 
 Container stress0170-rc-cliente-1 Starting 
 Container stress0170-rc-router-1 Starting 
 Container stress0170-rc-servidor-1 Starting 
 Container stress0170-rc-cliente-1 Started 
 Container stress0170-rc-servidor-1 Started 
 Container stress0170-rc-router-1 Started 
 Image stress0171-asr-cliente Building 
 Image stress0171-asr-pasarela Building 
 Image stress0171-asr-servidor Building 
 Image stress0171-asr-servidor Built 
 Image stress0171-asr-cliente Built 
 Image stress0171-asr-pasarela Built 
 Network stress0171-asr_red-externa Creating 
 Network stress0171-asr_red-externa Created 
 Network stress0171-asr_red-interna Creating 
 Network stress0171-asr_red-interna Created 
 Container stress0171-asr-servidor-1 Creating 
 Container stress0171-asr-cliente-1 Creating 
 Container stress0171-asr-pasarela-1 Creating 
 Container stress0171-asr-pasarela-1 Created 
 Container stress0171-asr-servidor-1 Created 
 Container stress0171-asr-cliente-1 Created 
 Container stress0171-asr-cliente-1 Starting 
 Container stress0171-asr-pasarela-1 Starting 
 Container stress0171-asr-servidor-1 Starting 
 Container stress0171-asr-cliente-1 Started 
 Container stress0171-asr-servidor-1 Started 
 Container stress0171-asr-pasarela-1 Started 
 Network stress0172-rc_red-wan Creating 
 Network stress0172-rc_red-wan Created 
 Network stress0172-rc_red-lan Creating 
 Network stress0172-rc_red-lan Created 
 Container stress0172-rc-servidor-1 Creating 
 Container stress0172-rc-cliente-1 Creating 
 Container stress0172-rc-router-1 Creating 
 Container stress0172-rc-servidor-1 Created 
 Container stress0172-rc-cliente-1 Created 
 Container stress0172-rc-router-1 Created 
 Container stress0172-rc-router-1 Starting 
 Container stress0172-rc-servidor-1 Starting 
 Container stress0172-rc-cliente-1 Starting 
 Container stress0172-rc-cliente-1 Started 
 Container stress0172-rc-servidor-1 Started 
 Container stress0172-rc-router-1 Started 
 Image stress0173-asr-pasarela Building 
 Image stress0173-asr-servidor Building 
 Image stress0173-asr-cliente Building 
 Image stress0173-asr-cliente Built 
 Image stress0173-asr-pasarela Built 
 Image stress0173-asr-servidor Built 
 Network stress0173-asr_red-interna Creating 
 Network stress0173-asr_red-interna Created 
 Network stress0173-asr_red-externa Creating 
 Network stress0173-asr_red-externa Created 
 Container stress0173-asr-pasarela-1 Creating 
 Container stress0173-asr-cliente-1 Creating 
 Container stress0173-asr-servidor-1 Creating 
 Container stress0173-asr-servidor-1 Created 
 Container stress0173-asr-pasarela-1 Created 
 Container stress0173-asr-cliente-1 Created 
 Container stress0173-asr-pasarela-1 Starting 
 Container stress0173-asr-servidor-1 Starting 
 Container stress0173-asr-cliente-1 Starting 
 Container stress0173-asr-cliente-1 Started 
 Container stress0173-asr-servidor-1 Started 
 Container stress0173-asr-pasarela-1 Started 
 Network stress0174-rc_red-wan Creating 
 Network stress0174-rc_red-wan Created 
 Network stress0174-rc_red-lan Creating 
 Network stress0174-rc_red-lan Created 
 Container stress0174-rc-servidor-1 Creating 
 Container stress0174-rc-router-1 Creating 
 Container stress0174-rc-cliente-1 Creating 
 Container stress0174-rc-servidor-1 Created 
 Container stress0174-rc-cliente-1 Created 
 Container stress0174-rc-router-1 Created 
 Container stress0174-rc-cliente-1 Starting 
 Container stress0174-rc-router-1 Starting 
 Container stress0174-rc-servidor-1 Starting 
 Container stress0174-rc-cliente-1 Started 
 Container stress0174-rc-servidor-1 Started 
 Container stress0174-rc-router-1 Started 
 Image stress0175-asr-pasarela Building 
 Image stress0175-asr-servidor Building 
 Image stress0175-asr-cliente Building 
 Image stress0175-asr-servidor Built 
 Image stress0175-asr-cliente Built 
 Image stress0175-asr-pasarela Built 
 Network stress0175-asr_red-externa Creating 
 Network stress0175-asr_red-externa Created 
 Network stress0175-asr_red-interna Creating 
 Network stress0175-asr_red-interna Created 
 Container stress0175-asr-pasarela-1 Creating 
 Container stress0175-asr-cliente-1 Creating 
 Container stress0175-asr-servidor-1 Creating 
 Container stress0175-asr-pasarela-1 Created 
 Container stress0175-asr-cliente-1 Created 
 Container stress0175-asr-servidor-1 Created 
 Container stress0175-asr-servidor-1 Starting 
 Container stress0175-asr-pasarela-1 Starting 
 Container stress0175-asr-cliente-1 Starting 
 Container stress0175-asr-servidor-1 Started 
 Container stress0175-asr-cliente-1 Started 
 Container stress0175-asr-pasarela-1 Started 
 Network stress0176-rc_red-lan Creating 
 Network stress0176-rc_red-lan Created 
 Network stress0176-rc_red-wan Creating 
 Network stress0176-rc_red-wan Created 
 Container stress0176-rc-router-1 Creating 
 Container stress0176-rc-servidor-1 Creating 
 Container stress0176-rc-cliente-1 Creating 
 Container stress0176-rc-router-1 Created 
 Container stress0176-rc-cliente-1 Created 
 Container stress0176-rc-servidor-1 Created 
 Container stress0176-rc-cliente-1 Starting 
 Container stress0176-rc-router-1 Starting 
 Container stress0176-rc-servidor-1 Starting 
 Container stress0176-rc-cliente-1 Started 
 Container stress0176-rc-router-1 Started 
 Container stress0176-rc-servidor-1 Started 
 Image stress0177-asr-servidor Building 
 Image stress0177-asr-cliente Building 
 Image stress0177-asr-pasarela Building 
 Image stress0177-asr-pasarela Built 
 Image stress0177-asr-servidor Built 
 Image stress0177-asr-cliente Built 
 Network stress0177-asr_red-externa Creating 
 Network stress0177-asr_red-externa Created 
 Network stress0177-asr_red-interna Creating 
 Network stress0177-asr_red-interna Created 
 Container stress0177-asr-cliente-1 Creating 
 Container stress0177-asr-pasarela-1 Creating 
 Container stress0177-asr-servidor-1 Creating 
 Container stress0177-asr-servidor-1 Created 
 Container stress0177-asr-cliente-1 Created 
 Container stress0177-asr-pasarela-1 Created 
 Container stress0177-asr-servidor-1 Starting 
 Container stress0177-asr-pasarela-1 Starting 
 Container stress0177-asr-cliente-1 Starting 
 Container stress0177-asr-cliente-1 Started 
 Container stress0177-asr-servidor-1 Started 
 Container stress0177-asr-pasarela-1 Started 
 Network stress0178-rc_red-wan Creating 
 Network stress0178-rc_red-wan Created 
 Network stress0178-rc_red-lan Creating 
 Network stress0178-rc_red-lan Created 
 Container stress0178-rc-router-1 Creating 
 Container stress0178-rc-cliente-1 Creating 
 Container stress0178-rc-servidor-1 Creating 
 Container stress0178-rc-servidor-1 Created 
 Container stress0178-rc-router-1 Created 
 Container stress0178-rc-cliente-1 Created 
 Container stress0178-rc-servidor-1 Starting 
 Container stress0178-rc-cliente-1 Starting 
 Container stress0178-rc-router-1 Starting 
 Container stress0178-rc-cliente-1 Started 
 Container stress0178-rc-servidor-1 Started 
 Container stress0178-rc-router-1 Started 
 Image stress0179-asr-cliente Building 
 Image stress0179-asr-pasarela Building 
 Image stress0179-asr-servidor Building 
 Image stress0179-asr-cliente Built 
 Image stress0179-asr-pasarela Built 
 Image stress0179-asr-servidor Built 
 Network stress0179-asr_red-externa Creating 
 Network stress0179-asr_red-externa Created 
 Network stress0179-asr_red-interna Creating 
 Network stress0179-asr_red-interna Created 
 Container stress0179-asr-servidor-1 Creating 
 Container stress0179-asr-pasarela-1 Creating 
 Container stress0179-asr-cliente-1 Creating 
 Container stress0179-asr-servidor-1 Created 
 Container stress0179-asr-cliente-1 Created 
 Container stress0179-asr-pasarela-1 Created 
 Container stress0179-asr-pasarela-1 Starting 
 Container stress0179-asr-cliente-1 Starting 
 Container stress0179-asr-servidor-1 Starting 
 Container stress0179-asr-cliente-1 Started 
 Container stress0179-asr-servidor-1 Started 
 Container stress0179-asr-pasarela-1 Started 
 Network stress0180-rc_red-wan Creating 
 Network stress0180-rc_red-wan Created 
 Network stress0180-rc_red-lan Creating 
 Network stress0180-rc_red-lan Created 
 Container stress0180-rc-router-1 Creating 
 Container stress0180-rc-servidor-1 Creating 
 Container stress0180-rc-cliente-1 Creating 
 Container stress0180-rc-servidor-1 Created 
 Container stress0180-rc-router-1 Created 
 Container stress0180-rc-cliente-1 Created 
 Container stress0180-rc-cliente-1 Starting 
 Container stress0180-rc-router-1 Starting 
 Container stress0180-rc-servidor-1 Starting 
 Container stress0180-rc-cliente-1 Started 
 Container stress0180-rc-servidor-1 Started 
 Container stress0180-rc-router-1 Started 
 Image stress0181-asr-servidor Building 
 Image stress0181-asr-cliente Building 
 Image stress0181-asr-pasarela Building 
 Image stress0181-asr-pasarela Built 
 Image stress0181-asr-servidor Built 
 Image stress0181-asr-cliente Built 
 Network stress0181-asr_red-externa Creating 
 Network stress0181-asr_red-externa Created 
 Network stress0181-asr_red-interna Creating 
 Network stress0181-asr_red-interna Created 
 Container stress0181-asr-cliente-1 Creating 
 Container stress0181-asr-pasarela-1 Creating 
 Container stress0181-asr-servidor-1 Creating 
 Container stress0181-asr-cliente-1 Created 
 Container stress0181-asr-pasarela-1 Created 
 Container stress0181-asr-servidor-1 Created 
 Container stress0181-asr-cliente-1 Starting 
 Container stress0181-asr-servidor-1 Starting 
 Container stress0181-asr-pasarela-1 Starting 
 Container stress0181-asr-cliente-1 Started 
 Container stress0181-asr-servidor-1 Started 
 Container stress0181-asr-pasarela-1 Started 
 Network stress0182-rc_red-wan Creating 
 Network stress0182-rc_red-wan Created 
 Network stress0182-rc_red-lan Creating 
 Network stress0182-rc_red-lan Created 
 Container stress0182-rc-servidor-1 Creating 
 Container stress0182-rc-router-1 Creating 
 Container stress0182-rc-cliente-1 Creating 
 Container stress0182-rc-servidor-1 Created 
 Container stress0182-rc-router-1 Created 
 Container stress0182-rc-cliente-1 Created 
 Container stress0182-rc-cliente-1 Starting 
 Container stress0182-rc-router-1 Starting 
 Container stress0182-rc-servidor-1 Starting 
 Container stress0182-rc-cliente-1 Started 
 Container stress0182-rc-servidor-1 Started 
 Container stress0182-rc-router-1 Started 
 Image stress0183-asr-cliente Building 
 Image stress0183-asr-pasarela Building 
 Image stress0183-asr-servidor Building 
 Image stress0183-asr-cliente Built 
 Image stress0183-asr-pasarela Built 
 Image stress0183-asr-servidor Built 
 Network stress0183-asr_red-externa Creating 
 Network stress0183-asr_red-externa Created 
 Network stress0183-asr_red-interna Creating 
 Network stress0183-asr_red-interna Created 
 Container stress0183-asr-cliente-1 Creating 
 Container stress0183-asr-pasarela-1 Creating 
 Container stress0183-asr-servidor-1 Creating 
 Container stress0183-asr-servidor-1 Created 
 Container stress0183-asr-pasarela-1 Created 
 Container stress0183-asr-cliente-1 Created 
 Container stress0183-asr-pasarela-1 Starting 
 Container stress0183-asr-servidor-1 Starting 
 Container stress0183-asr-cliente-1 Starting 
 Container stress0183-asr-cliente-1 Started 
 Container stress0183-asr-servidor-1 Started 
 Container stress0183-asr-pasarela-1 Started 
 Network stress0184-rc_red-lan Creating 
 Network stress0184-rc_red-lan Created 
 Network stress0184-rc_red-wan Creating 
 Network stress0184-rc_red-wan Created 
 Container stress0184-rc-servidor-1 Creating 
 Container stress0184-rc-cliente-1 Creating 
 Container stress0184-rc-router-1 Creating 
 Container stress0184-rc-servidor-1 Created 
 Container stress0184-rc-router-1 Created 
 Container stress0184-rc-cliente-1 Created 
 Container stress0184-rc-servidor-1 Starting 
 Container stress0184-rc-cliente-1 Starting 
 Container stress0184-rc-router-1 Starting 
 Container stress0184-rc-cliente-1 Started 
 Container stress0184-rc-servidor-1 Started 
 Container stress0184-rc-router-1 Started 
 Image stress0185-asr-cliente Building 
 Image stress0185-asr-pasarela Building 
 Image stress0185-asr-servidor Building 
 Image stress0185-asr-pasarela Built 
 Image stress0185-asr-servidor Built 
 Image stress0185-asr-cliente Built 
 Network stress0185-asr_red-interna Creating 
 Network stress0185-asr_red-interna Created 
 Network stress0185-asr_red-externa Creating 
 Network stress0185-asr_red-externa Created 
 Container stress0185-asr-cliente-1 Creating 
 Container stress0185-asr-pasarela-1 Creating 
 Container stress0185-asr-servidor-1 Creating 
 Container stress0185-asr-cliente-1 Created 
 Container stress0185-asr-pasarela-1 Created 
 Container stress0185-asr-servidor-1 Created 
 Container stress0185-asr-servidor-1 Starting 
 Container stress0185-asr-cliente-1 Starting 
 Container stress0185-asr-pasarela-1 Starting 
 Container stress0185-asr-servidor-1 Started 
 Container stress0185-asr-cliente-1 Started 
 Container stress0185-asr-pasarela-1 Started 
 Network stress0186-rc_red-lan Creating 
 Network stress0186-rc_red-lan Created 
 Network stress0186-rc_red-wan Creating 
 Network stress0186-rc_red-wan Created 
 Container stress0186-rc-router-1 Creating 
 Container stress0186-rc-cliente-1 Creating 
 Container stress0186-rc-servidor-1 Creating 
 Container stress0186-rc-servidor-1 Created 
 Container stress0186-rc-router-1 Created 
 Container stress0186-rc-cliente-1 Created 
 Container stress0186-rc-cliente-1 Starting 
 Container stress0186-rc-router-1 Starting 
 Container stress0186-rc-servidor-1 Starting 
 Container stress0186-rc-cliente-1 Started 
 Container stress0186-rc-servidor-1 Started 
 Container stress0186-rc-router-1 Started 
 Image stress0187-asr-pasarela Building 
 Image stress0187-asr-servidor Building 
 Image stress0187-asr-cliente Building 
 Image stress0187-asr-cliente Built 
 Image stress0187-asr-pasarela Built 
 Image stress0187-asr-servidor Built 
 Network stress0187-asr_red-externa Creating 
 Network stress0187-asr_red-externa Created 
 Network stress0187-asr_red-interna Creating 
 Network stress0187-asr_red-interna Created 
 Container stress0187-asr-servidor-1 Creating 
 Container stress0187-asr-cliente-1 Creating 
 Container stress0187-asr-pasarela-1 Creating 
 Container stress0187-asr-servidor-1 Created 
 Container stress0187-asr-cliente-1 Created 
 Container stress0187-asr-pasarela-1 Created 
 Container stress0187-asr-pasarela-1 Starting 
 Container stress0187-asr-servidor-1 Starting 
 Container stress0187-asr-cliente-1 Starting 
 Container stress0187-asr-servidor-1 Started 
 Container stress0187-asr-cliente-1 Started 
 Container stress0187-asr-pasarela-1 Started 
 Network stress0188-rc_red-lan Creating 
 Network stress0188-rc_red-lan Created 
 Network stress0188-rc_red-wan Creating 
 Network stress0188-rc_red-wan Created 
 Container stress0188-rc-router-1 Creating 
 Container stress0188-rc-servidor-1 Creating 
 Container stress0188-rc-cliente-1 Creating 
 Container stress0188-rc-cliente-1 Created 
 Container stress0188-rc-servidor-1 Created 
 Container stress0188-rc-router-1 Created 
 Container stress0188-rc-servidor-1 Starting 
 Container stress0188-rc-cliente-1 Starting 
 Container stress0188-rc-router-1 Starting 
 Container stress0188-rc-servidor-1 Started 
 Container stress0188-rc-cliente-1 Started 
 Container stress0188-rc-router-1 Started 
 Image stress0189-asr-cliente Building 
 Image stress0189-asr-pasarela Building 
 Image stress0189-asr-servidor Building 
 Image stress0189-asr-pasarela Built 
 Image stress0189-asr-servidor Built 
 Image stress0189-asr-cliente Built 
 Network stress0189-asr_red-externa Creating 
 Network stress0189-asr_red-externa Created 
 Network stress0189-asr_red-interna Creating 
 Network stress0189-asr_red-interna Created 
 Container stress0189-asr-cliente-1 Creating 
 Container stress0189-asr-pasarela-1 Creating 
 Container stress0189-asr-servidor-1 Creating 
 Container stress0189-asr-servidor-1 Created 
 Container stress0189-asr-pasarela-1 Created 
 Container stress0189-asr-cliente-1 Created 
 Container stress0189-asr-pasarela-1 Starting 
 Container stress0189-asr-servidor-1 Starting 
 Container stress0189-asr-cliente-1 Starting 
 Container stress0189-asr-cliente-1 Started 
 Container stress0189-asr-servidor-1 Started 
 Container stress0189-asr-pasarela-1 Started 
 Network stress0190-rc_red-wan Creating 
 Network stress0190-rc_red-wan Created 
 Network stress0190-rc_red-lan Creating 
 Network stress0190-rc_red-lan Created 
 Container stress0190-rc-cliente-1 Creating 
 Container stress0190-rc-servidor-1 Creating 
 Container stress0190-rc-router-1 Creating 
 Container stress0190-rc-cliente-1 Created 
 Container stress0190-rc-router-1 Created 
 Container stress0190-rc-servidor-1 Created 
 Container stress0190-rc-servidor-1 Starting 
 Container stress0190-rc-cliente-1 Starting 
 Container stress0190-rc-router-1 Starting 
 Container stress0190-rc-cliente-1 Started 
 Container stress0190-rc-servidor-1 Started 
 Container stress0190-rc-router-1 Started 
 Image stress0191-asr-servidor Building 
 Image stress0191-asr-cliente Building 
 Image stress0191-asr-pasarela Building 
 Image stress0191-asr-cliente Built 
 Image stress0191-asr-pasarela Built 
 Image stress0191-asr-servidor Built 
 Network stress0191-asr_red-interna Creating 
 Network stress0191-asr_red-interna Created 
 Network stress0191-asr_red-externa Creating 
 Network stress0191-asr_red-externa Created 
 Container stress0191-asr-servidor-1 Creating 
 Container stress0191-asr-cliente-1 Creating 
 Container stress0191-asr-pasarela-1 Creating 
 Container stress0191-asr-pasarela-1 Created 
 Container stress0191-asr-cliente-1 Created 
 Container stress0191-asr-servidor-1 Created 
 Container stress0191-asr-cliente-1 Starting 
 Container stress0191-asr-servidor-1 Starting 
 Container stress0191-asr-pasarela-1 Starting 
 Container stress0191-asr-servidor-1 Started 
 Container stress0191-asr-cliente-1 Started 
 Container stress0191-asr-pasarela-1 Started 
 Network stress0192-rc_red-lan Creating 
 Network stress0192-rc_red-lan Created 
 Network stress0192-rc_red-wan Creating 
 Network stress0192-rc_red-wan Created 
 Container stress0192-rc-servidor-1 Creating 
 Container stress0192-rc-router-1 Creating 
 Container stress0192-rc-cliente-1 Creating 
 Container stress0192-rc-servidor-1 Created 
 Container stress0192-rc-router-1 Created 
 Container stress0192-rc-cliente-1 Created 
 Container stress0192-rc-router-1 Starting 
 Container stress0192-rc-cliente-1 Starting 
 Container stress0192-rc-servidor-1 Starting 
 Container stress0192-rc-cliente-1 Started 
 Container stress0192-rc-servidor-1 Started 
 Container stress0192-rc-router-1 Started 
 Image stress0193-asr-servidor Building 
 Image stress0193-asr-cliente Building 
 Image stress0193-asr-pasarela Building 
 Image stress0193-asr-cliente Built 
 Image stress0193-asr-pasarela Built 
 Image stress0193-asr-servidor Built 
 Network stress0193-asr_red-externa Creating 
 Network stress0193-asr_red-externa Created 
 Network stress0193-asr_red-interna Creating 
 Network stress0193-asr_red-interna Created 
 Container stress0193-asr-pasarela-1 Creating 
 Container stress0193-asr-servidor-1 Creating 
 Container stress0193-asr-cliente-1 Creating 
 Container stress0193-asr-cliente-1 Created 
 Container stress0193-asr-pasarela-1 Created 
 Container stress0193-asr-servidor-1 Created 
 Container stress0193-asr-servidor-1 Starting 
 Container stress0193-asr-cliente-1 Starting 
 Container stress0193-asr-pasarela-1 Starting 
 Container stress0193-asr-cliente-1 Started 
 Container stress0193-asr-servidor-1 Started 
 Container stress0193-asr-pasarela-1 Started 
 Network stress0194-rc_red-lan Creating 
 Network stress0194-rc_red-lan Created 
 Network stress0194-rc_red-wan Creating 
 Network stress0194-rc_red-wan Created 
 Container stress0194-rc-cliente-1 Creating 
 Container stress0194-rc-router-1 Creating 
 Container stress0194-rc-servidor-1 Creating 
 Container stress0194-rc-cliente-1 Created 
 Container stress0194-rc-router-1 Created 
 Container stress0194-rc-servidor-1 Created 
 Container stress0194-rc-cliente-1 Starting 
 Container stress0194-rc-servidor-1 Starting 
 Container stress0194-rc-router-1 Starting 
 Container stress0194-rc-cliente-1 Started 
 Container stress0194-rc-servidor-1 Started 
 Container stress0194-rc-router-1 Started 
 Image stress0195-asr-servidor Building 
 Image stress0195-asr-cliente Building 
 Image stress0195-asr-pasarela Building 
 Image stress0195-asr-servidor Built 
 Image stress0195-asr-cliente Built 
 Image stress0195-asr-pasarela Built 
 Network stress0195-asr_red-interna Creating 
 Network stress0195-asr_red-interna Created 
 Network stress0195-asr_red-externa Creating 
 Network stress0195-asr_red-externa Created 
 Container stress0195-asr-pasarela-1 Creating 
 Container stress0195-asr-cliente-1 Creating 
 Container stress0195-asr-servidor-1 Creating 
 Container stress0195-asr-cliente-1 Created 
 Container stress0195-asr-servidor-1 Created 
 Container stress0195-asr-pasarela-1 Created 
 Container stress0195-asr-cliente-1 Starting 
 Container stress0195-asr-servidor-1 Starting 
 Container stress0195-asr-pasarela-1 Starting 
 Container stress0195-asr-servidor-1 Started 
 Container stress0195-asr-cliente-1 Started 
 Container stress0195-asr-pasarela-1 Started 
 Network stress0196-rc_red-lan Creating 
 Network stress0196-rc_red-lan Created 
 Network stress0196-rc_red-wan Creating 
 Network stress0196-rc_red-wan Created 
 Container stress0196-rc-cliente-1 Creating 
 Container stress0196-rc-router-1 Creating 
 Container stress0196-rc-servidor-1 Creating 
 Container stress0196-rc-cliente-1 Created 
 Container stress0196-rc-router-1 Created 
 Container stress0196-rc-servidor-1 Created 
 Container stress0196-rc-cliente-1 Starting 
 Container stress0196-rc-router-1 Starting 
 Container stress0196-rc-servidor-1 Starting 
 Container stress0196-rc-servidor-1 Started 
 Container stress0196-rc-cliente-1 Started 
 Container stress0196-rc-router-1 Started 
 Image stress0197-asr-pasarela Building 
 Image stress0197-asr-servidor Building 
 Image stress0197-asr-cliente Building 
 Image stress0197-asr-cliente Built 
 Image stress0197-asr-pasarela Built 
 Image stress0197-asr-servidor Built 
 Network stress0197-asr_red-interna Creating 
 Network stress0197-asr_red-interna Created 
 Network stress0197-asr_red-externa Creating 
 Network stress0197-asr_red-externa Created 
 Container stress0197-asr-servidor-1 Creating 
 Container stress0197-asr-pasarela-1 Creating 
 Container stress0197-asr-cliente-1 Creating 
 Container stress0197-asr-servidor-1 Created 
 Container stress0197-asr-cliente-1 Created 
 Container stress0197-asr-pasarela-1 Created 
 Container stress0197-asr-servidor-1 Starting 
 Container stress0197-asr-cliente-1 Starting 
 Container stress0197-asr-pasarela-1 Starting 
 Container stress0197-asr-cliente-1 Started 
 Container stress0197-asr-servidor-1 Started 
 Container stress0197-asr-pasarela-1 Started 
 Network stress0198-rc_red-lan Creating 
 Network stress0198-rc_red-lan Created 
 Network stress0198-rc_red-wan Creating 
 Network stress0198-rc_red-wan Created 
 Container stress0198-rc-servidor-1 Creating 
 Container stress0198-rc-cliente-1 Creating 
 Container stress0198-rc-router-1 Creating 
 Container stress0198-rc-cliente-1 Created 
 Container stress0198-rc-servidor-1 Created 
 Container stress0198-rc-router-1 Created 
 Container stress0198-rc-cliente-1 Starting 
 Container stress0198-rc-router-1 Starting 
 Container stress0198-rc-servidor-1 Starting 
 Container stress0198-rc-cliente-1 Started 
 Container stress0198-rc-servidor-1 Started 
 Container stress0198-rc-router-1 Started 
 Image stress0199-asr-servidor Building 
 Image stress0199-asr-cliente Building 
 Image stress0199-asr-pasarela Building 
 Image stress0199-asr-cliente Built 
 Image stress0199-asr-pasarela Built 
 Image stress0199-asr-servidor Built 
 Network stress0199-asr_red-interna Creating 
 Network stress0199-asr_red-interna Created 
 Network stress0199-asr_red-externa Creating 
 Network stress0199-asr_red-externa Created 
 Container stress0199-asr-servidor-1 Creating 
 Container stress0199-asr-pasarela-1 Creating 
 Container stress0199-asr-cliente-1 Creating 
 Container stress0199-asr-servidor-1 Created 
 Container stress0199-asr-pasarela-1 Created 
 Container stress0199-asr-cliente-1 Created 
 Container stress0199-asr-pasarela-1 Starting 
 Container stress0199-asr-servidor-1 Starting 
 Container stress0199-asr-cliente-1 Starting 
 Container stress0199-asr-servidor-1 Started 
 Container stress0199-asr-cliente-1 Started 
 Container stress0199-asr-pasarela-1 Started 
 Network stress0200-rc_red-wan Creating 
 Network stress0200-rc_red-wan Created 
 Network stress0200-rc_red-lan Creating 
 Network stress0200-rc_red-lan Created 
 Container stress0200-rc-cliente-1 Creating 
 Container stress0200-rc-router-1 Creating 
 Container stress0200-rc-servidor-1 Creating 
 Container stress0200-rc-router-1 Created 
 Container stress0200-rc-servidor-1 Created 
 Container stress0200-rc-cliente-1 Created 
 Container stress0200-rc-cliente-1 Starting 
 Container stress0200-rc-router-1 Starting 
 Container stress0200-rc-servidor-1 Starting 
 Container stress0200-rc-servidor-1 Started 
 Container stress0200-rc-cliente-1 Started 
 Container stress0200-rc-router-1 Started 
 Image stress0201-asr-servidor Building 
 Image stress0201-asr-cliente Building 
 Image stress0201-asr-pasarela Building 
 Image stress0201-asr-cliente Built 
 Image stress0201-asr-pasarela Built 
 Image stress0201-asr-servidor Built 
 Network stress0201-asr_red-interna Creating 
 Network stress0201-asr_red-interna Created 
 Network stress0201-asr_red-externa Creating 
 Network stress0201-asr_red-externa Created 
 Container stress0201-asr-cliente-1 Creating 
 Container stress0201-asr-pasarela-1 Creating 
 Container stress0201-asr-servidor-1 Creating 
 Container stress0201-asr-servidor-1 Created 
 Container stress0201-asr-cliente-1 Created 
 Container stress0201-asr-pasarela-1 Created 
 Container stress0201-asr-pasarela-1 Starting 
 Container stress0201-asr-servidor-1 Starting 
 Container stress0201-asr-cliente-1 Starting 
 Container stress0201-asr-servidor-1 Started 
 Container stress0201-asr-cliente-1 Started 
 Container stress0201-asr-pasarela-1 Started 
 Network stress0202-rc_red-wan Creating 
 Network stress0202-rc_red-wan Created 
 Network stress0202-rc_red-lan Creating 
 Network stress0202-rc_red-lan Created 
 Container stress0202-rc-cliente-1 Creating 
 Container stress0202-rc-servidor-1 Creating 
 Container stress0202-rc-router-1 Creating 
 Container stress0202-rc-router-1 Created 
 Container stress0202-rc-servidor-1 Created 
 Container stress0202-rc-cliente-1 Created 
 Container stress0202-rc-router-1 Starting 
 Container stress0202-rc-servidor-1 Starting 
 Container stress0202-rc-cliente-1 Starting 
 Container stress0202-rc-servidor-1 Started 
 Container stress0202-rc-cliente-1 Started 
 Container stress0202-rc-router-1 Started 
 Image stress0203-asr-servidor Building 
 Image stress0203-asr-cliente Building 
 Image stress0203-asr-pasarela Building 
 Image stress0203-asr-cliente Built 
 Image stress0203-asr-pasarela Built 
 Image stress0203-asr-servidor Built 
 Network stress0203-asr_red-interna Creating 
 Network stress0203-asr_red-interna Created 
 Network stress0203-asr_red-externa Creating 
 Network stress0203-asr_red-externa Created 
 Container stress0203-asr-cliente-1 Creating 
 Container stress0203-asr-pasarela-1 Creating 
 Container stress0203-asr-servidor-1 Creating 
 Container stress0203-asr-cliente-1 Created 
 Container stress0203-asr-pasarela-1 Created 
 Container stress0203-asr-servidor-1 Created 
 Container stress0203-asr-pasarela-1 Starting 
 Container stress0203-asr-servidor-1 Starting 
 Container stress0203-asr-cliente-1 Starting 
 Container stress0203-asr-cliente-1 Started 
 Container stress0203-asr-servidor-1 Started 
 Container stress0203-asr-pasarela-1 Started 
 Network stress0204-rc_red-lan Creating 
 Network stress0204-rc_red-lan Created 
 Network stress0204-rc_red-wan Creating 
 Network stress0204-rc_red-wan Created 
 Container stress0204-rc-cliente-1 Creating 
 Container stress0204-rc-servidor-1 Creating 
 Container stress0204-rc-router-1 Creating 
 Container stress0204-rc-cliente-1 Created 
 Container stress0204-rc-servidor-1 Created 
 Container stress0204-rc-router-1 Created 
 Container stress0204-rc-cliente-1 Starting 
 Container stress0204-rc-router-1 Starting 
 Container stress0204-rc-servidor-1 Starting 
 Container stress0204-rc-cliente-1 Started 
 Container stress0204-rc-servidor-1 Started 
 Container stress0204-rc-router-1 Started 
 Image stress0205-asr-pasarela Building 
 Image stress0205-asr-servidor Building 
 Image stress0205-asr-cliente Building 
 Image stress0205-asr-pasarela Built 
 Image stress0205-asr-servidor Built 
 Image stress0205-asr-cliente Built 
 Network stress0205-asr_red-externa Creating 
 Network stress0205-asr_red-externa Created 
 Network stress0205-asr_red-interna Creating 
 Network stress0205-asr_red-interna Created 
 Container stress0205-asr-cliente-1 Creating 
 Container stress0205-asr-servidor-1 Creating 
 Container stress0205-asr-pasarela-1 Creating 
 Container stress0205-asr-cliente-1 Created 
 Container stress0205-asr-servidor-1 Created 
 Container stress0205-asr-pasarela-1 Created 
 Container stress0205-asr-pasarela-1 Starting 
 Container stress0205-asr-cliente-1 Starting 
 Container stress0205-asr-servidor-1 Starting 
 Container stress0205-asr-servidor-1 Started 
 Container stress0205-asr-cliente-1 Started 
 Container stress0205-asr-pasarela-1 Started 
 Network stress0206-rc_red-lan Creating 
 Network stress0206-rc_red-lan Created 
 Network stress0206-rc_red-wan Creating 
 Network stress0206-rc_red-wan Created 
 Container stress0206-rc-cliente-1 Creating 
 Container stress0206-rc-servidor-1 Creating 
 Container stress0206-rc-router-1 Creating 
 Container stress0206-rc-servidor-1 Created 
 Container stress0206-rc-cliente-1 Created 
 Container stress0206-rc-router-1 Created 
 Container stress0206-rc-cliente-1 Starting 
 Container stress0206-rc-router-1 Starting 
 Container stress0206-rc-servidor-1 Starting 
 Container stress0206-rc-servidor-1 Started 
 Container stress0206-rc-cliente-1 Started 
 Container stress0206-rc-router-1 Started 
 Image stress0207-asr-cliente Building 
 Image stress0207-asr-pasarela Building 
 Image stress0207-asr-servidor Building 
 Image stress0207-asr-servidor Built 
 Image stress0207-asr-cliente Built 
 Image stress0207-asr-pasarela Built 
 Network stress0207-asr_red-interna Creating 
 Network stress0207-asr_red-interna Created 
 Network stress0207-asr_red-externa Creating 
 Network stress0207-asr_red-externa Created 
 Container stress0207-asr-servidor-1 Creating 
 Container stress0207-asr-cliente-1 Creating 
 Container stress0207-asr-pasarela-1 Creating 
 Container stress0207-asr-pasarela-1 Created 
 Container stress0207-asr-cliente-1 Created 
 Container stress0207-asr-servidor-1 Created 
 Container stress0207-asr-pasarela-1 Starting 
 Container stress0207-asr-servidor-1 Starting 
 Container stress0207-asr-cliente-1 Starting 
 Container stress0207-asr-cliente-1 Started 
 Container stress0207-asr-servidor-1 Started 
 Container stress0207-asr-pasarela-1 Started 
 Network stress0208-rc_red-lan Creating 
 Network stress0208-rc_red-lan Created 
 Network stress0208-rc_red-wan Creating 
 Network stress0208-rc_red-wan Created 
 Container stress0208-rc-cliente-1 Creating 
 Container stress0208-rc-router-1 Creating 
 Container stress0208-rc-servidor-1 Creating 
 Container stress0208-rc-servidor-1 Created 
 Container stress0208-rc-cliente-1 Created 
 Container stress0208-rc-router-1 Created 
 Container stress0208-rc-servidor-1 Starting 
 Container stress0208-rc-router-1 Starting 
 Container stress0208-rc-cliente-1 Starting 
 Container stress0208-rc-servidor-1 Started 
 Container stress0208-rc-cliente-1 Started 
 Container stress0208-rc-router-1 Started 
 Image stress0209-asr-pasarela Building 
 Image stress0209-asr-servidor Building 
 Image stress0209-asr-cliente Building 
 Image stress0209-asr-servidor Built 
 Image stress0209-asr-cliente Built 
 Image stress0209-asr-pasarela Built 
 Network stress0209-asr_red-interna Creating 
 Network stress0209-asr_red-interna Created 
 Network stress0209-asr_red-externa Creating 
 Network stress0209-asr_red-externa Created 
 Container stress0209-asr-cliente-1 Creating 
 Container stress0209-asr-pasarela-1 Creating 
 Container stress0209-asr-servidor-1 Creating 
 Container stress0209-asr-pasarela-1 Created 
 Container stress0209-asr-servidor-1 Created 
 Container stress0209-asr-cliente-1 Created 
 Container stress0209-asr-cliente-1 Starting 
 Container stress0209-asr-pasarela-1 Starting 
 Container stress0209-asr-servidor-1 Starting 
 Container stress0209-asr-cliente-1 Started 
 Container stress0209-asr-servidor-1 Started 
 Container stress0209-asr-pasarela-1 Started 
 Network stress0210-rc_red-wan Creating 
 Network stress0210-rc_red-wan Created 
 Network stress0210-rc_red-lan Creating 
 Network stress0210-rc_red-lan Created 
 Container stress0210-rc-router-1 Creating 
 Container stress0210-rc-servidor-1 Creating 
 Container stress0210-rc-cliente-1 Creating 
 Container stress0210-rc-router-1 Created 
 Container stress0210-rc-cliente-1 Created 
 Container stress0210-rc-servidor-1 Created 
 Container stress0210-rc-cliente-1 Starting 
 Container stress0210-rc-router-1 Starting 
 Container stress0210-rc-servidor-1 Starting 
 Container stress0210-rc-cliente-1 Started 
 Container stress0210-rc-servidor-1 Started 
 Container stress0210-rc-router-1 Started 
 Image stress0211-asr-cliente Building 
 Image stress0211-asr-pasarela Building 
 Image stress0211-asr-servidor Building 
 Image stress0211-asr-servidor Built 
 Image stress0211-asr-cliente Built 
 Image stress0211-asr-pasarela Built 
 Network stress0211-asr_red-interna Creating 
 Network stress0211-asr_red-interna Created 
 Network stress0211-asr_red-externa Creating 
 Network stress0211-asr_red-externa Created 
 Container stress0211-asr-pasarela-1 Creating 
 Container stress0211-asr-servidor-1 Creating 
 Container stress0211-asr-cliente-1 Creating 
 Container stress0211-asr-cliente-1 Created 
 Container stress0211-asr-pasarela-1 Created 
 Container stress0211-asr-servidor-1 Created 
 Container stress0211-asr-cliente-1 Starting 
 Container stress0211-asr-servidor-1 Starting 
 Container stress0211-asr-pasarela-1 Starting 
 Container stress0211-asr-servidor-1 Started 
 Container stress0211-asr-cliente-1 Started 
 Container stress0211-asr-pasarela-1 Started 
 Network stress0212-rc_red-wan Creating 
 Network stress0212-rc_red-wan Created 
 Network stress0212-rc_red-lan Creating 
 Network stress0212-rc_red-lan Created 
 Container stress0212-rc-servidor-1 Creating 
 Container stress0212-rc-router-1 Creating 
 Container stress0212-rc-cliente-1 Creating 
 Container stress0212-rc-cliente-1 Created 
 Container stress0212-rc-router-1 Created 
 Container stress0212-rc-servidor-1 Created 
 Container stress0212-rc-cliente-1 Starting 
 Container stress0212-rc-servidor-1 Starting 
 Container stress0212-rc-router-1 Starting 
 Container stress0212-rc-servidor-1 Started 
 Container stress0212-rc-cliente-1 Started 
 Container stress0212-rc-router-1 Started 
 Image stress0213-asr-pasarela Building 
 Image stress0213-asr-servidor Building 
 Image stress0213-asr-cliente Building 
 Image stress0213-asr-cliente Built 
 Image stress0213-asr-pasarela Built 
 Image stress0213-asr-servidor Built 
 Network stress0213-asr_red-interna Creating 
 Network stress0213-asr_red-interna Created 
 Network stress0213-asr_red-externa Creating 
 Network stress0213-asr_red-externa Created 
 Container stress0213-asr-servidor-1 Creating 
 Container stress0213-asr-pasarela-1 Creating 
 Container stress0213-asr-cliente-1 Creating 
 Container stress0213-asr-cliente-1 Created 
 Container stress0213-asr-pasarela-1 Created 
 Container stress0213-asr-servidor-1 Created 
 Container stress0213-asr-pasarela-1 Starting 
 Container stress0213-asr-servidor-1 Starting 
 Container stress0213-asr-cliente-1 Starting 
 Container stress0213-asr-cliente-1 Started 
 Container stress0213-asr-servidor-1 Started 
 Container stress0213-asr-pasarela-1 Started 
 Network stress0214-rc_red-wan Creating 
 Network stress0214-rc_red-wan Created 
 Network stress0214-rc_red-lan Creating 
 Network stress0214-rc_red-lan Created 
 Container stress0214-rc-servidor-1 Creating 
 Container stress0214-rc-cliente-1 Creating 
 Container stress0214-rc-router-1 Creating 
 Container stress0214-rc-servidor-1 Created 
 Container stress0214-rc-cliente-1 Created 
 Container stress0214-rc-router-1 Created 
 Container stress0214-rc-cliente-1 Starting 
 Container stress0214-rc-router-1 Starting 
 Container stress0214-rc-servidor-1 Starting 
 Container stress0214-rc-cliente-1 Started 
 Container stress0214-rc-servidor-1 Started 
 Container stress0214-rc-router-1 Started 
 Image stress0215-asr-servidor Building 
 Image stress0215-asr-cliente Building 
 Image stress0215-asr-pasarela Building 
 Image stress0215-asr-pasarela Built 
 Image stress0215-asr-servidor Built 
 Image stress0215-asr-cliente Built 
 Network stress0215-asr_red-externa Creating 
 Network stress0215-asr_red-externa Created 
 Network stress0215-asr_red-interna Creating 
 Network stress0215-asr_red-interna Created 
 Container stress0215-asr-cliente-1 Creating 
 Container stress0215-asr-servidor-1 Creating 
 Container stress0215-asr-pasarela-1 Creating 
 Container stress0215-asr-servidor-1 Created 
 Container stress0215-asr-pasarela-1 Created 
 Container stress0215-asr-cliente-1 Created 
 Container stress0215-asr-cliente-1 Starting 
 Container stress0215-asr-servidor-1 Starting 
 Container stress0215-asr-pasarela-1 Starting 
 Container stress0215-asr-servidor-1 Started 
 Container stress0215-asr-cliente-1 Started 
 Container stress0215-asr-pasarela-1 Started 
 Network stress0216-rc_red-lan Creating 
 Network stress0216-rc_red-lan Created 
 Network stress0216-rc_red-wan Creating 
 Network stress0216-rc_red-wan Created 
 Container stress0216-rc-servidor-1 Creating 
 Container stress0216-rc-router-1 Creating 
 Container stress0216-rc-cliente-1 Creating 
 Container stress0216-rc-router-1 Created 
 Container stress0216-rc-servidor-1 Created 
 Container stress0216-rc-cliente-1 Created 
 Container stress0216-rc-router-1 Starting 
 Container stress0216-rc-servidor-1 Starting 
 Container stress0216-rc-cliente-1 Starting 
 Container stress0216-rc-cliente-1 Started 
 Container stress0216-rc-servidor-1 Started 
 Container stress0216-rc-router-1 Started 
 Image stress0217-asr-cliente Building 
 Image stress0217-asr-pasarela Building 
 Image stress0217-asr-servidor Building 
 Image stress0217-asr-pasarela Built 
 Image stress0217-asr-servidor Built 
 Image stress0217-asr-cliente Built 
 Network stress0217-asr_red-interna Creating 
 Network stress0217-asr_red-interna Created 
 Network stress0217-asr_red-externa Creating 
 Network stress0217-asr_red-externa Created 
 Container stress0217-asr-servidor-1 Creating 
 Container stress0217-asr-cliente-1 Creating 
 Container stress0217-asr-pasarela-1 Creating 
 Container stress0217-asr-servidor-1 Created 
 Container stress0217-asr-pasarela-1 Created 
 Container stress0217-asr-cliente-1 Created 
 Container stress0217-asr-cliente-1 Starting 
 Container stress0217-asr-pasarela-1 Starting 
 Container stress0217-asr-servidor-1 Starting 
 Container stress0217-asr-servidor-1 Started 
 Container stress0217-asr-cliente-1 Started 
 Container stress0217-asr-pasarela-1 Started 
 Network stress0218-rc_red-wan Creating 
 Network stress0218-rc_red-wan Created 
 Network stress0218-rc_red-lan Creating 
 Network stress0218-rc_red-lan Created 
 Container stress0218-rc-servidor-1 Creating 
 Container stress0218-rc-router-1 Creating 
 Container stress0218-rc-cliente-1 Creating 
 Container stress0218-rc-servidor-1 Created 
 Container stress0218-rc-router-1 Created 
 Container stress0218-rc-cliente-1 Created 
 Container stress0218-rc-router-1 Starting 
 Container stress0218-rc-servidor-1 Starting 
 Container stress0218-rc-cliente-1 Starting 
 Container stress0218-rc-cliente-1 Started 
 Container stress0218-rc-servidor-1 Started 
 Container stress0218-rc-router-1 Started 
 Image stress0219-asr-servidor Building 
 Image stress0219-asr-cliente Building 
 Image stress0219-asr-pasarela Building 
 Image stress0219-asr-servidor Built 
 Image stress0219-asr-cliente Built 
 Image stress0219-asr-pasarela Built 
 Network stress0219-asr_red-interna Creating 
 Network stress0219-asr_red-interna Created 
 Network stress0219-asr_red-externa Creating 
 Network stress0219-asr_red-externa Created 
 Container stress0219-asr-servidor-1 Creating 
 Container stress0219-asr-cliente-1 Creating 
 Container stress0219-asr-pasarela-1 Creating 
 Container stress0219-asr-cliente-1 Created 
 Container stress0219-asr-servidor-1 Created 
 Container stress0219-asr-pasarela-1 Created 
 Container stress0219-asr-servidor-1 Starting 
 Container stress0219-asr-cliente-1 Starting 
 Container stress0219-asr-pasarela-1 Starting 
 Container stress0219-asr-servidor-1 Started 
 Container stress0219-asr-pasarela-1 Started 
 Container stress0219-asr-cliente-1 Started 
 Network stress0220-rc_red-lan Creating 
 Network stress0220-rc_red-lan Created 
 Network stress0220-rc_red-wan Creating 
 Network stress0220-rc_red-wan Created 
 Container stress0220-rc-servidor-1 Creating 
 Container stress0220-rc-cliente-1 Creating 
 Container stress0220-rc-router-1 Creating 
 Container stress0220-rc-servidor-1 Created 
 Container stress0220-rc-cliente-1 Created 
 Container stress0220-rc-router-1 Created 
 Container stress0220-rc-cliente-1 Starting 
 Container stress0220-rc-router-1 Starting 
 Container stress0220-rc-servidor-1 Starting 
 Container stress0220-rc-servidor-1 Started 
 Container stress0220-rc-cliente-1 Started 
 Container stress0220-rc-router-1 Started 
 Image stress0221-asr-pasarela Building 
 Image stress0221-asr-servidor Building 
 Image stress0221-asr-cliente Building 
 Image stress0221-asr-cliente Built 
 Image stress0221-asr-pasarela Built 
 Image stress0221-asr-servidor Built 
 Network stress0221-asr_red-externa Creating 
 Network stress0221-asr_red-externa Created 
 Network stress0221-asr_red-interna Creating 
 Network stress0221-asr_red-interna Created 
 Container stress0221-asr-servidor-1 Creating 
 Container stress0221-asr-pasarela-1 Creating 
 Container stress0221-asr-cliente-1 Creating 
 Container stress0221-asr-servidor-1 Created 
 Container stress0221-asr-pasarela-1 Created 
 Container stress0221-asr-cliente-1 Created 
 Container stress0221-asr-pasarela-1 Starting 
 Container stress0221-asr-servidor-1 Starting 
 Container stress0221-asr-cliente-1 Starting 
 Container stress0221-asr-cliente-1 Started 
 Container stress0221-asr-servidor-1 Started 
 Container stress0221-asr-pasarela-1 Started 
 Network stress0222-rc_red-wan Creating 
 Network stress0222-rc_red-wan Created 
 Network stress0222-rc_red-lan Creating 
 Network stress0222-rc_red-lan Created 
 Container stress0222-rc-cliente-1 Creating 
 Container stress0222-rc-servidor-1 Creating 
 Container stress0222-rc-router-1 Creating 
 Container stress0222-rc-router-1 Created 
 Container stress0222-rc-cliente-1 Created 
 Container stress0222-rc-servidor-1 Created 
 Container stress0222-rc-router-1 Starting 
 Container stress0222-rc-servidor-1 Starting 
 Container stress0222-rc-cliente-1 Starting 
 Container stress0222-rc-servidor-1 Started 
 Container stress0222-rc-cliente-1 Started 
 Container stress0222-rc-router-1 Started 
 Image stress0223-asr-servidor Building 
 Image stress0223-asr-cliente Building 
 Image stress0223-asr-pasarela Building 
 Image stress0223-asr-pasarela Built 
 Image stress0223-asr-servidor Built 
 Image stress0223-asr-cliente Built 
 Network stress0223-asr_red-interna Creating 
 Network stress0223-asr_red-interna Created 
 Network stress0223-asr_red-externa Creating 
 Network stress0223-asr_red-externa Created 
 Container stress0223-asr-servidor-1 Creating 
 Container stress0223-asr-cliente-1 Creating 
 Container stress0223-asr-pasarela-1 Creating 
 Container stress0223-asr-servidor-1 Created 
 Container stress0223-asr-cliente-1 Created 
 Container stress0223-asr-pasarela-1 Created 
 Container stress0223-asr-cliente-1 Starting 
 Container stress0223-asr-pasarela-1 Starting 
 Container stress0223-asr-servidor-1 Starting 
 Container stress0223-asr-cliente-1 Started 
 Container stress0223-asr-servidor-1 Started 
 Container stress0223-asr-pasarela-1 Started 
 Network stress0224-rc_red-lan Creating 
 Network stress0224-rc_red-lan Created 
 Network stress0224-rc_red-wan Creating 
 Network stress0224-rc_red-wan Created 
 Container stress0224-rc-router-1 Creating 
 Container stress0224-rc-servidor-1 Creating 
 Container stress0224-rc-cliente-1 Creating 
 Container stress0224-rc-router-1 Created 
 Container stress0224-rc-servidor-1 Created 
 Container stress0224-rc-cliente-1 Created 
 Container stress0224-rc-cliente-1 Starting 
 Container stress0224-rc-router-1 Starting 
 Container stress0224-rc-servidor-1 Starting 
 Container stress0224-rc-cliente-1 Started 
 Container stress0224-rc-servidor-1 Started 
 Container stress0224-rc-router-1 Started 
 Image stress0225-asr-servidor Building 
 Image stress0225-asr-cliente Building 
 Image stress0225-asr-pasarela Building 
 Image stress0225-asr-cliente Built 
 Image stress0225-asr-pasarela Built 
 Image stress0225-asr-servidor Built 
 Network stress0225-asr_red-interna Creating 
 Network stress0225-asr_red-interna Created 
 Network stress0225-asr_red-externa Creating 
 Network stress0225-asr_red-externa Created 
 Container stress0225-asr-pasarela-1 Creating 
 Container stress0225-asr-cliente-1 Creating 
 Container stress0225-asr-servidor-1 Creating 
 Container stress0225-asr-servidor-1 Created 
 Container stress0225-asr-pasarela-1 Created 
 Container stress0225-asr-cliente-1 Created 
 Container stress0225-asr-servidor-1 Starting 
 Container stress0225-asr-cliente-1 Starting 
 Container stress0225-asr-pasarela-1 Starting 
 Container stress0225-asr-cliente-1 Started 
 Container stress0225-asr-servidor-1 Started 
 Container stress0225-asr-pasarela-1 Started 
 Network stress0226-rc_red-lan Creating 
 Network stress0226-rc_red-lan Created 
 Network stress0226-rc_red-wan Creating 
 Network stress0226-rc_red-wan Created 
 Container stress0226-rc-servidor-1 Creating 
 Container stress0226-rc-router-1 Creating 
 Container stress0226-rc-cliente-1 Creating 
 Container stress0226-rc-servidor-1 Created 
 Container stress0226-rc-cliente-1 Created 
 Container stress0226-rc-router-1 Created 
 Container stress0226-rc-cliente-1 Starting 
 Container stress0226-rc-router-1 Starting 
 Container stress0226-rc-servidor-1 Starting 
 Container stress0226-rc-servidor-1 Started 
 Container stress0226-rc-cliente-1 Started 
 Container stress0226-rc-router-1 Started 
 Image stress0227-asr-servidor Building 
 Image stress0227-asr-cliente Building 
 Image stress0227-asr-pasarela Building 
 Image stress0227-asr-cliente Built 
 Image stress0227-asr-pasarela Built 
 Image stress0227-asr-servidor Built 
 Network stress0227-asr_red-interna Creating 
 Network stress0227-asr_red-interna Created 
 Network stress0227-asr_red-externa Creating 
 Network stress0227-asr_red-externa Created 
 Container stress0227-asr-pasarela-1 Creating 
 Container stress0227-asr-servidor-1 Creating 
 Container stress0227-asr-cliente-1 Creating 
 Container stress0227-asr-pasarela-1 Created 
 Container stress0227-asr-cliente-1 Created 
 Container stress0227-asr-servidor-1 Created 
 Container stress0227-asr-pasarela-1 Starting 
 Container stress0227-asr-cliente-1 Starting 
 Container stress0227-asr-servidor-1 Starting 
 Container stress0227-asr-cliente-1 Started 
 Container stress0227-asr-servidor-1 Started 
 Container stress0227-asr-pasarela-1 Started 
 Network stress0228-rc_red-wan Creating 
 Network stress0228-rc_red-wan Created 
 Network stress0228-rc_red-lan Creating 
 Network stress0228-rc_red-lan Created 
 Container stress0228-rc-router-1 Creating 
 Container stress0228-rc-cliente-1 Creating 
 Container stress0228-rc-servidor-1 Creating 
 Container stress0228-rc-router-1 Created 
 Container stress0228-rc-cliente-1 Created 
 Container stress0228-rc-servidor-1 Created 
 Container stress0228-rc-servidor-1 Starting 
 Container stress0228-rc-cliente-1 Starting 
 Container stress0228-rc-router-1 Starting 
 Container stress0228-rc-servidor-1 Started 
 Container stress0228-rc-cliente-1 Started 
 Container stress0228-rc-router-1 Started 
 Image stress0229-asr-servidor Building 
 Image stress0229-asr-cliente Building 
 Image stress0229-asr-pasarela Building 
 Image stress0229-asr-servidor Built 
 Image stress0229-asr-cliente Built 
 Image stress0229-asr-pasarela Built 
 Network stress0229-asr_red-interna Creating 
 Network stress0229-asr_red-interna Created 
 Network stress0229-asr_red-externa Creating 
 Network stress0229-asr_red-externa Created 
 Container stress0229-asr-servidor-1 Creating 
 Container stress0229-asr-cliente-1 Creating 
 Container stress0229-asr-pasarela-1 Creating 
 Container stress0229-asr-cliente-1 Created 
 Container stress0229-asr-servidor-1 Created 
 Container stress0229-asr-pasarela-1 Created 
 Container stress0229-asr-cliente-1 Starting 
 Container stress0229-asr-pasarela-1 Starting 
 Container stress0229-asr-servidor-1 Starting 
 Container stress0229-asr-servidor-1 Started 
 Container stress0229-asr-cliente-1 Started 
 Container stress0229-asr-pasarela-1 Started 
 Network stress0230-rc_red-lan Creating 
 Network stress0230-rc_red-lan Created 
 Network stress0230-rc_red-wan Creating 
 Network stress0230-rc_red-wan Created 
 Container stress0230-rc-router-1 Creating 
 Container stress0230-rc-servidor-1 Creating 
 Container stress0230-rc-cliente-1 Creating 
 Container stress0230-rc-router-1 Created 
 Container stress0230-rc-servidor-1 Created 
 Container stress0230-rc-cliente-1 Created 
 Container stress0230-rc-cliente-1 Starting 
 Container stress0230-rc-servidor-1 Starting 
 Container stress0230-rc-router-1 Starting 
 Container stress0230-rc-cliente-1 Started 
 Container stress0230-rc-servidor-1 Started 
 Container stress0230-rc-router-1 Started 
 Image stress0231-asr-pasarela Building 
 Image stress0231-asr-servidor Building 
 Image stress0231-asr-cliente Building 
 Image stress0231-asr-cliente Built 
 Image stress0231-asr-pasarela Built 
 Image stress0231-asr-servidor Built 
 Network stress0231-asr_red-externa Creating 
 Network stress0231-asr_red-externa Created 
 Network stress0231-asr_red-interna Creating 
 Network stress0231-asr_red-interna Created 
 Container stress0231-asr-servidor-1 Creating 
 Container stress0231-asr-pasarela-1 Creating 
 Container stress0231-asr-cliente-1 Creating 
 Container stress0231-asr-servidor-1 Created 
 Container stress0231-asr-pasarela-1 Created 
 Container stress0231-asr-cliente-1 Created 
 Container stress0231-asr-pasarela-1 Starting 
 Container stress0231-asr-servidor-1 Starting 
 Container stress0231-asr-cliente-1 Starting 
 Container stress0231-asr-cliente-1 Started 
 Container stress0231-asr-servidor-1 Started 
 Container stress0231-asr-pasarela-1 Started 
 Network stress0232-rc_red-lan Creating 
 Network stress0232-rc_red-lan Created 
 Network stress0232-rc_red-wan Creating 
 Network stress0232-rc_red-wan Created 
 Container stress0232-rc-router-1 Creating 
 Container stress0232-rc-cliente-1 Creating 
 Container stress0232-rc-servidor-1 Creating 
 Container stress0232-rc-cliente-1 Created 
 Container stress0232-rc-router-1 Created 
 Container stress0232-rc-servidor-1 Created 
 Container stress0232-rc-router-1 Starting 
 Container stress0232-rc-servidor-1 Starting 
 Container stress0232-rc-cliente-1 Starting 
 Container stress0232-rc-servidor-1 Started 
 Container stress0232-rc-cliente-1 Started 
 Container stress0232-rc-router-1 Started 
 Image stress0233-asr-pasarela Building 
 Image stress0233-asr-servidor Building 
 Image stress0233-asr-cliente Building 
 Image stress0233-asr-cliente Built 
 Image stress0233-asr-pasarela Built 
 Image stress0233-asr-servidor Built 
 Network stress0233-asr_red-externa Creating 
 Network stress0233-asr_red-externa Created 
 Network stress0233-asr_red-interna Creating 
 Network stress0233-asr_red-interna Created 
 Container stress0233-asr-cliente-1 Creating 
 Container stress0233-asr-pasarela-1 Creating 
 Container stress0233-asr-servidor-1 Creating 
 Container stress0233-asr-servidor-1 Created 
 Container stress0233-asr-pasarela-1 Created 
 Container stress0233-asr-cliente-1 Created 
 Container stress0233-asr-pasarela-1 Starting 
 Container stress0233-asr-servidor-1 Starting 
 Container stress0233-asr-cliente-1 Starting 
 Container stress0233-asr-servidor-1 Started 
 Container stress0233-asr-cliente-1 Started 
 Container stress0233-asr-pasarela-1 Started 
 Network stress0234-rc_red-lan Creating 
 Network stress0234-rc_red-lan Created 
 Network stress0234-rc_red-wan Creating 
 Network stress0234-rc_red-wan Created 
 Container stress0234-rc-cliente-1 Creating 
 Container stress0234-rc-router-1 Creating 
 Container stress0234-rc-servidor-1 Creating 
 Container stress0234-rc-router-1 Created 
 Container stress0234-rc-cliente-1 Created 
 Container stress0234-rc-servidor-1 Created 
 Container stress0234-rc-router-1 Starting 
 Container stress0234-rc-cliente-1 Starting 
 Container stress0234-rc-servidor-1 Starting 
 Container stress0234-rc-cliente-1 Started 
 Container stress0234-rc-servidor-1 Started 
 Container stress0234-rc-router-1 Started 
 Image stress0235-asr-servidor Building 
 Image stress0235-asr-cliente Building 
 Image stress0235-asr-pasarela Building 
 Image stress0235-asr-pasarela Built 
 Image stress0235-asr-servidor Built 
 Image stress0235-asr-cliente Built 
 Network stress0235-asr_red-interna Creating 
 Network stress0235-asr_red-interna Created 
 Network stress0235-asr_red-externa Creating 
 Network stress0235-asr_red-externa Created 
 Container stress0235-asr-pasarela-1 Creating 
 Container stress0235-asr-servidor-1 Creating 
 Container stress0235-asr-cliente-1 Creating 
 Container stress0235-asr-pasarela-1 Created 
 Container stress0235-asr-servidor-1 Created 
 Container stress0235-asr-cliente-1 Created 
 Container stress0235-asr-pasarela-1 Starting 
 Container stress0235-asr-servidor-1 Starting 
 Container stress0235-asr-cliente-1 Starting 
 Container stress0235-asr-servidor-1 Started 
 Container stress0235-asr-cliente-1 Started 
 Container stress0235-asr-pasarela-1 Started 
 Network stress0236-rc_red-wan Creating 
 Network stress0236-rc_red-wan Created 
 Network stress0236-rc_red-lan Creating 
 Network stress0236-rc_red-lan Created 
 Container stress0236-rc-router-1 Creating 
 Container stress0236-rc-cliente-1 Creating 
 Container stress0236-rc-servidor-1 Creating 
 Container stress0236-rc-cliente-1 Created 
 Container stress0236-rc-router-1 Created 
 Container stress0236-rc-servidor-1 Created 
 Container stress0236-rc-servidor-1 Starting 
 Container stress0236-rc-cliente-1 Starting 
 Container stress0236-rc-router-1 Starting 
 Container stress0236-rc-servidor-1 Started 
 Container stress0236-rc-cliente-1 Started 
 Container stress0236-rc-router-1 Started 
 Image stress0237-asr-servidor Building 
 Image stress0237-asr-cliente Building 
 Image stress0237-asr-pasarela Building 
 Image stress0237-asr-pasarela Built 
 Image stress0237-asr-servidor Built 
 Image stress0237-asr-cliente Built 
 Network stress0237-asr_red-interna Creating 
 Network stress0237-asr_red-interna Created 
 Network stress0237-asr_red-externa Creating 
 Network stress0237-asr_red-externa Created 
 Container stress0237-asr-servidor-1 Creating 
 Container stress0237-asr-pasarela-1 Creating 
 Container stress0237-asr-cliente-1 Creating 
 Container stress0237-asr-pasarela-1 Created 
 Container stress0237-asr-servidor-1 Created 
 Container stress0237-asr-cliente-1 Created 
 Container stress0237-asr-cliente-1 Starting 
 Container stress0237-asr-pasarela-1 Starting 
 Container stress0237-asr-servidor-1 Starting 
 Container stress0237-asr-servidor-1 Started 
 Container stress0237-asr-cliente-1 Started 
 Container stress0237-asr-pasarela-1 Started 
 Network stress0238-rc_red-lan Creating 
 Network stress0238-rc_red-lan Created 
 Network stress0238-rc_red-wan Creating 
 Network stress0238-rc_red-wan Created 
 Container stress0238-rc-cliente-1 Creating 
 Container stress0238-rc-router-1 Creating 
 Container stress0238-rc-servidor-1 Creating 
 Container stress0238-rc-cliente-1 Created 
 Container stress0238-rc-servidor-1 Created 
 Container stress0238-rc-router-1 Created 
 Container stress0238-rc-servidor-1 Starting 
 Container stress0238-rc-cliente-1 Starting 
 Container stress0238-rc-router-1 Starting 
 Container stress0238-rc-cliente-1 Started 
 Container stress0238-rc-servidor-1 Started 
 Container stress0238-rc-router-1 Started 
 Image stress0239-asr-pasarela Building 
 Image stress0239-asr-servidor Building 
 Image stress0239-asr-cliente Building 
 Image stress0239-asr-cliente Built 
 Image stress0239-asr-pasarela Built 
 Image stress0239-asr-servidor Built 
 Network stress0239-asr_red-interna Creating 
 Network stress0239-asr_red-interna Created 
 Network stress0239-asr_red-externa Creating 
 Network stress0239-asr_red-externa Created 
 Container stress0239-asr-cliente-1 Creating 
 Container stress0239-asr-pasarela-1 Creating 
 Container stress0239-asr-servidor-1 Creating 
 Container stress0239-asr-cliente-1 Created 
 Container stress0239-asr-servidor-1 Created 
 Container stress0239-asr-pasarela-1 Created 
 Container stress0239-asr-cliente-1 Starting 
 Container stress0239-asr-pasarela-1 Starting 
 Container stress0239-asr-servidor-1 Starting 
 Container stress0239-asr-cliente-1 Started 
 Container stress0239-asr-servidor-1 Started 
 Container stress0239-asr-pasarela-1 Started 
 Network stress0240-rc_red-lan Creating 
 Network stress0240-rc_red-lan Created 
 Network stress0240-rc_red-wan Creating 
 Network stress0240-rc_red-wan Created 
 Container stress0240-rc-cliente-1 Creating 
 Container stress0240-rc-servidor-1 Creating 
 Container stress0240-rc-router-1 Creating 
 Container stress0240-rc-cliente-1 Created 
 Container stress0240-rc-servidor-1 Created 
 Container stress0240-rc-router-1 Created 
 Container stress0240-rc-cliente-1 Starting 
 Container stress0240-rc-router-1 Starting 
 Container stress0240-rc-servidor-1 Starting 
 Container stress0240-rc-servidor-1 Started 
 Container stress0240-rc-cliente-1 Started 
 Container stress0240-rc-router-1 Started 
 Image stress0241-asr-cliente Building 
 Image stress0241-asr-pasarela Building 
 Image stress0241-asr-servidor Building 
 Image stress0241-asr-cliente Built 
 Image stress0241-asr-pasarela Built 
 Image stress0241-asr-servidor Built 
 Network stress0241-asr_red-interna Creating 
 Network stress0241-asr_red-interna Created 
 Network stress0241-asr_red-externa Creating 
 Network stress0241-asr_red-externa Created 
 Container stress0241-asr-cliente-1 Creating 
 Container stress0241-asr-pasarela-1 Creating 
 Container stress0241-asr-servidor-1 Creating 
 Container stress0241-asr-pasarela-1 Created 
 Container stress0241-asr-cliente-1 Created 
 Container stress0241-asr-servidor-1 Created 
 Container stress0241-asr-pasarela-1 Starting 
 Container stress0241-asr-cliente-1 Starting 
 Container stress0241-asr-servidor-1 Starting 
 Container stress0241-asr-cliente-1 Started 
 Container stress0241-asr-servidor-1 Started 
 Container stress0241-asr-pasarela-1 Started 
 Network stress0242-rc_red-lan Creating 
 Network stress0242-rc_red-lan Created 
 Network stress0242-rc_red-wan Creating 
 Network stress0242-rc_red-wan Created 
 Container stress0242-rc-router-1 Creating 
 Container stress0242-rc-servidor-1 Creating 
 Container stress0242-rc-cliente-1 Creating 
 Container stress0242-rc-router-1 Created 
 Container stress0242-rc-cliente-1 Created 
 Container stress0242-rc-servidor-1 Created 
 Container stress0242-rc-router-1 Starting 
 Container stress0242-rc-servidor-1 Starting 
 Container stress0242-rc-cliente-1 Starting 
 Container stress0242-rc-cliente-1 Started 
 Container stress0242-rc-servidor-1 Started 
 Container stress0242-rc-router-1 Started 
 Image stress0243-asr-pasarela Building 
 Image stress0243-asr-servidor Building 
 Image stress0243-asr-cliente Building 
 Image stress0243-asr-cliente Built 
 Image stress0243-asr-pasarela Built 
 Image stress0243-asr-servidor Built 
 Network stress0243-asr_red-externa Creating 
 Network stress0243-asr_red-externa Created 
 Network stress0243-asr_red-interna Creating 
 Network stress0243-asr_red-interna Created 
 Container stress0243-asr-cliente-1 Creating 
 Container stress0243-asr-servidor-1 Creating 
 Container stress0243-asr-pasarela-1 Creating 
 Container stress0243-asr-pasarela-1 Created 
 Container stress0243-asr-cliente-1 Created 
 Container stress0243-asr-servidor-1 Created 
 Container stress0243-asr-cliente-1 Starting 
 Container stress0243-asr-pasarela-1 Starting 
 Container stress0243-asr-servidor-1 Starting 
 Container stress0243-asr-cliente-1 Started 
 Container stress0243-asr-servidor-1 Started 
 Container stress0243-asr-pasarela-1 Started 
 Network stress0244-rc_red-wan Creating 
 Network stress0244-rc_red-wan Created 
 Network stress0244-rc_red-lan Creating 
 Network stress0244-rc_red-lan Created 
 Container stress0244-rc-router-1 Creating 
 Container stress0244-rc-servidor-1 Creating 
 Container stress0244-rc-cliente-1 Creating 
 Container stress0244-rc-servidor-1 Created 
 Container stress0244-rc-cliente-1 Created 
 Container stress0244-rc-router-1 Created 
 Container stress0244-rc-servidor-1 Starting 
 Container stress0244-rc-cliente-1 Starting 
 Container stress0244-rc-router-1 Starting 
 Container stress0244-rc-servidor-1 Started 
 Container stress0244-rc-cliente-1 Started 
 Container stress0244-rc-router-1 Started 
 Image stress0245-asr-servidor Building 
 Image stress0245-asr-cliente Building 
 Image stress0245-asr-pasarela Building 
 Image stress0245-asr-pasarela Built 
 Image stress0245-asr-servidor Built 
 Image stress0245-asr-cliente Built 
 Network stress0245-asr_red-externa Creating 
 Network stress0245-asr_red-externa Created 
 Network stress0245-asr_red-interna Creating 
 Network stress0245-asr_red-interna Created 
 Container stress0245-asr-servidor-1 Creating 
 Container stress0245-asr-cliente-1 Creating 
 Container stress0245-asr-pasarela-1 Creating 
 Container stress0245-asr-cliente-1 Created 
 Container stress0245-asr-pasarela-1 Created 
 Container stress0245-asr-servidor-1 Created 
 Container stress0245-asr-cliente-1 Starting 
 Container stress0245-asr-pasarela-1 Starting 
 Container stress0245-asr-servidor-1 Starting 
 Container stress0245-asr-servidor-1 Started 
 Container stress0245-asr-cliente-1 Started 
 Container stress0245-asr-pasarela-1 Started 
 Network stress0246-rc_red-lan Creating 
 Network stress0246-rc_red-lan Created 
 Network stress0246-rc_red-wan Creating 
 Network stress0246-rc_red-wan Created 
 Container stress0246-rc-cliente-1 Creating 
 Container stress0246-rc-router-1 Creating 
 Container stress0246-rc-servidor-1 Creating 
 Container stress0246-rc-router-1 Created 
 Container stress0246-rc-servidor-1 Created 
 Container stress0246-rc-cliente-1 Created 
 Container stress0246-rc-servidor-1 Starting 
 Container stress0246-rc-cliente-1 Starting 
 Container stress0246-rc-router-1 Starting 
 Container stress0246-rc-servidor-1 Started 
 Container stress0246-rc-cliente-1 Started 
 Container stress0246-rc-router-1 Started 
 Image stress0247-asr-servidor Building 
 Image stress0247-asr-cliente Building 
 Image stress0247-asr-pasarela Building 
 Image stress0247-asr-servidor Built 
 Image stress0247-asr-cliente Built 
 Image stress0247-asr-pasarela Built 
 Network stress0247-asr_red-interna Creating 
 Network stress0247-asr_red-interna Created 
 Network stress0247-asr_red-externa Creating 
 Network stress0247-asr_red-externa Created 
 Container stress0247-asr-cliente-1 Creating 
 Container stress0247-asr-servidor-1 Creating 
 Container stress0247-asr-pasarela-1 Creating 
 Container stress0247-asr-servidor-1 Created 
 Container stress0247-asr-cliente-1 Created 
 Container stress0247-asr-pasarela-1 Created 
 Container stress0247-asr-cliente-1 Starting 
 Container stress0247-asr-servidor-1 Starting 
 Container stress0247-asr-pasarela-1 Starting 
 Container stress0247-asr-servidor-1 Started 
 Container stress0247-asr-cliente-1 Started 
 Container stress0247-asr-pasarela-1 Started 
 Network stress0248-rc_red-wan Creating 
 Network stress0248-rc_red-wan Created 
 Network stress0248-rc_red-lan Creating 
 Network stress0248-rc_red-lan Created 
 Container stress0248-rc-cliente-1 Creating 
 Container stress0248-rc-router-1 Creating 
 Container stress0248-rc-servidor-1 Creating 
 Container stress0248-rc-cliente-1 Created 
 Container stress0248-rc-router-1 Created 
 Container stress0248-rc-servidor-1 Created 
 Container stress0248-rc-servidor-1 Starting 
 Container stress0248-rc-router-1 Starting 
 Container stress0248-rc-cliente-1 Starting 
 Container stress0248-rc-servidor-1 Started 
 Container stress0248-rc-cliente-1 Started 
 Container stress0248-rc-router-1 Started 
 Image stress0249-asr-pasarela Building 
 Image stress0249-asr-servidor Building 
 Image stress0249-asr-cliente Building 
 Image stress0249-asr-servidor Built 
 Image stress0249-asr-cliente Built 
 Image stress0249-asr-pasarela Built 
 Network stress0249-asr_red-interna Creating 
 Network stress0249-asr_red-interna Created 
 Network stress0249-asr_red-externa Creating 
 Network stress0249-asr_red-externa Created 
 Container stress0249-asr-pasarela-1 Creating 
 Container stress0249-asr-servidor-1 Creating 
 Container stress0249-asr-cliente-1 Creating 
 Container stress0249-asr-servidor-1 Created 
 Container stress0249-asr-pasarela-1 Created 
 Container stress0249-asr-cliente-1 Created 
 Container stress0249-asr-pasarela-1 Starting 
 Container stress0249-asr-servidor-1 Starting 
 Container stress0249-asr-cliente-1 Starting 
 Container stress0249-asr-servidor-1 Started 
 Container stress0249-asr-cliente-1 Started 
 Container stress0249-asr-pasarela-1 Started 
 Network stress0250-rc_red-wan Creating 
 Network stress0250-rc_red-wan Created 
 Network stress0250-rc_red-lan Creating 
 Network stress0250-rc_red-lan Created 
 Container stress0250-rc-servidor-1 Creating 
 Container stress0250-rc-router-1 Creating 
 Container stress0250-rc-cliente-1 Creating 
 Container stress0250-rc-servidor-1 Created 
 Container stress0250-rc-cliente-1 Created 
 Container stress0250-rc-router-1 Created 
 Container stress0250-rc-servidor-1 Starting 
 Container stress0250-rc-cliente-1 Starting 
 Container stress0250-rc-router-1 Starting 
 Container stress0250-rc-servidor-1 Started 
 Container stress0250-rc-cliente-1 Started 
 Container stress0250-rc-router-1 Started 
 Image stress0251-asr-servidor Building 
 Image stress0251-asr-cliente Building 
 Image stress0251-asr-pasarela Building 
 Image stress0251-asr-cliente Built 
 Image stress0251-asr-pasarela Built 
 Image stress0251-asr-servidor Built 
 Network stress0251-asr_red-interna Creating 
 Network stress0251-asr_red-interna Created 
 Network stress0251-asr_red-externa Creating 
 Network stress0251-asr_red-externa Created 
 Container stress0251-asr-servidor-1 Creating 
 Container stress0251-asr-pasarela-1 Creating 
 Container stress0251-asr-cliente-1 Creating 
 Container stress0251-asr-servidor-1 Created 
 Container stress0251-asr-cliente-1 Created 
 Container stress0251-asr-pasarela-1 Created 
 Container stress0251-asr-servidor-1 Starting 
 Container stress0251-asr-pasarela-1 Starting 
 Container stress0251-asr-cliente-1 Starting 
 Container stress0251-asr-servidor-1 Started 
 Container stress0251-asr-cliente-1 Started 
 Container stress0251-asr-pasarela-1 Started 
 Network stress0252-rc_red-lan Creating 
 Network stress0252-rc_red-lan Created 
 Network stress0252-rc_red-wan Creating 
 Network stress0252-rc_red-wan Created 
 Container stress0252-rc-router-1 Creating 
 Container stress0252-rc-servidor-1 Creating 
 Container stress0252-rc-cliente-1 Creating 
 Container stress0252-rc-router-1 Created 
 Container stress0252-rc-cliente-1 Created 
 Container stress0252-rc-servidor-1 Created 
 Container stress0252-rc-servidor-1 Starting 
 Container stress0252-rc-router-1 Starting 
 Container stress0252-rc-cliente-1 Starting 
 Container stress0252-rc-servidor-1 Started 
 Container stress0252-rc-cliente-1 Started 
 Container stress0252-rc-router-1 Started 
 Image stress0253-asr-cliente Building 
 Image stress0253-asr-pasarela Building 
 Image stress0253-asr-servidor Building 
 Image stress0253-asr-cliente Built 
 Image stress0253-asr-pasarela Built 
 Image stress0253-asr-servidor Built 
 Network stress0253-asr_red-interna Creating 
 Network stress0253-asr_red-interna Created 
 Network stress0253-asr_red-externa Creating 
 Network stress0253-asr_red-externa Created 
 Container stress0253-asr-servidor-1 Creating 
 Container stress0253-asr-pasarela-1 Creating 
 Container stress0253-asr-cliente-1 Creating 
 Container stress0253-asr-pasarela-1 Created 
 Container stress0253-asr-servidor-1 Created 
 Container stress0253-asr-cliente-1 Created 
 Container stress0253-asr-cliente-1 Starting 
 Container stress0253-asr-pasarela-1 Starting 
 Container stress0253-asr-servidor-1 Starting 
 Container stress0253-asr-cliente-1 Started 
 Container stress0253-asr-servidor-1 Started 
 Container stress0253-asr-pasarela-1 Started 
 Network stress0254-rc_red-wan Creating 
 Network stress0254-rc_red-wan Created 
 Network stress0254-rc_red-lan Creating 
 Network stress0254-rc_red-lan Created 
 Container stress0254-rc-router-1 Creating 
 Container stress0254-rc-servidor-1 Creating 
 Container stress0254-rc-cliente-1 Creating 
 Container stress0254-rc-router-1 Created 
 Container stress0254-rc-cliente-1 Created 
 Container stress0254-rc-servidor-1 Created 
 Container stress0254-rc-router-1 Starting 
 Container stress0254-rc-servidor-1 Starting 
 Container stress0254-rc-cliente-1 Starting 
 Container stress0254-rc-cliente-1 Started 
 Container stress0254-rc-router-1 Started 
 Container stress0254-rc-servidor-1 Started 
